epoch,training_total_loss,training_official_loss,training_rank_loss,validation_total_loss,validation_official_loss,validation_rank_loss,learning_rate,original_selected,offline_selected,is_best,epochs_without_improvement
0,4.8414560004,4.8404180476,0.0519003340,4.8380358560,4.8374755166,0.0280224926,1.27902315635e-05,294,302,True,0
1,4.8154785041,4.8145842840,0.0447103675,4.8147114717,4.8141289872,0.0291230196,1.5152253116e-05,307,289,True,0
2,4.7997719585,4.7989980646,0.0387007666,4.7932271524,4.7927430884,0.0241975883,1.90601404356e-05,281,315,True,0
3,4.7843907407,4.7837877754,0.0301495445,4.7784666210,4.7780571417,0.0204732440,2.44710027459e-05,297,299,True,0
4,4.7693247699,4.7687910899,0.0266837713,4.7714413606,4.7710490413,0.0196088036,3.13254534608e-05,305,291,True,0
5,4.7555300181,4.7551306686,0.0199659195,4.7547687865,4.7544159580,0.0176431970,3.95482619791e-05,306,290,True,0
6,4.7461458821,4.7457059150,0.0220012468,4.7338061271,4.7335713126,0.0117409603,4.90491793723e-05,306,290,True,0
7,4.7403083104,4.7399081160,0.0200091596,4.7721966768,4.7718129034,0.0191882902,5.97239289073e-05,286,310,False,1
8,4.7256240525,4.7253157916,0.0154153865,4.7297716946,4.7295110876,0.0130312616,7.14553505281e-05,323,273,True,0
9,4.7171566406,4.7168980765,0.0129312713,4.6876280215,4.6874590354,0.0084536732,8.41146867396e-05,312,284,True,0
10,4.7078854958,4.7076506071,0.0117421352,4.6912931157,4.6911424290,0.0075324790,9.75629957774e-05,278,318,False,1
11,4.6980786868,4.6978378808,0.0120376678,4.6852535458,4.6851526359,0.0050415965,0.000111652676554,274,322,True,0
12,4.6886589511,4.6884350329,0.0111977305,4.6693851607,4.6692961656,0.0044439519,0.000126229088647,274,322,True,0
13,4.6880407813,4.6878616666,0.0089612697,4.6690588555,4.6689893549,0.0034774062,0.000141132249543,307,289,True,0
14,4.6886328851,4.6884118759,0.0110511847,4.6723005431,4.6721816001,0.0059467486,0.000156198590517,294,302,False,1
15,4.6862301058,4.6860320488,0.0099030078,4.6781507158,4.6779830239,0.0083918607,0.000171262751874,272,324,False,2
16,4.6822022880,4.6819924796,0.0104894570,4.6676144352,4.6675415101,0.0036497447,0.000186159397838,276,320,True,0
17,4.6767981100,4.6766106906,0.0093702735,4.6660451951,4.6659883462,0.0028458472,0.00020072503119,301,295,True,0
18,4.6756058091,4.6754198490,0.0092991429,4.6637001285,4.6636077831,0.0046140727,0.000214799787717,290,306,True,0
19,4.6791711558,4.6790039363,0.0083584971,4.6607046870,4.6606133325,0.0045695339,0.000228229190798,308,288,True,0
20,4.6671965586,4.6670538819,0.0071315403,4.6751719760,4.6751179819,0.0026970994,0.000240865846846,288,308,False,1
21,4.6697489207,4.6696328285,0.0058033773,4.6584844961,4.6584150327,0.0034708444,0.000252571063021,283,313,True,0
22,4.6732741394,4.6731381160,0.0068040829,4.6556630320,4.6555956060,0.0033733429,0.000263216369444,294,302,True,0
23,4.6725636265,4.6724186136,0.0072499978,4.6694945979,4.6694274692,0.0033582456,0.000272684929211,287,309,False,1
24,4.6657076778,4.6656056411,0.0051022879,4.6514137565,4.6513307249,0.0041494182,0.000280872820727,298,298,True,0
25,4.6736061173,4.6734682762,0.0068868096,4.6604866610,4.6604114074,0.0037622891,0.000287690178294,299,297,False,1
26,4.6659520680,4.6658449237,0.0053597476,4.6568096396,4.6567482824,0.0030652780,0.000293062178424,294,302,False,2
27,4.6661065729,4.6659893286,0.0058632680,4.6508540798,4.6507966611,0.0028710936,0.00029692986106,324,272,True,0
28,4.6676070162,4.6674971324,0.0054909213,4.6557481630,4.6556855177,0.0031281533,0.00029925077669,291,305,False,1
29,4.6687205462,4.6686020474,0.0059280965,4.6537460785,4.6537049095,0.0020589443,0.000299999895385,310,286,False,2
30,4.6658198625,4.6656856441,0.0067089800,4.6509420903,4.6508876689,0.0027195602,0.000299840907969,318,278,False,3
31,4.6575535832,4.6574567820,0.0048351998,4.6488351884,4.6487894120,0.0022918181,0.000299380162113,293,303,True,0
32,4.6547363684,4.6546666670,0.0034840047,4.6594040053,4.6593569347,0.0023513235,0.0002986185857,306,290,False,1
33,4.6632102800,4.6631212266,0.0044537279,4.6453572063,4.6453201492,0.0018555319,0.000297557712442,274,322,True,0
34,4.6618424390,4.6617593605,0.0041559493,4.6594031074,4.6593589163,0.0022063495,0.000296199678797,303,293,False,1
35,4.6602837543,4.6602108783,0.0036425480,4.6535729185,4.6535578084,0.0007552799,0.000294547219663,302,294,False,2
36,4.6516932737,4.6516341843,0.0029549938,4.6527664259,4.6527495322,0.0008444308,0.000292603662875,279,317,False,3
37,4.6509364339,4.6508687679,0.0033831055,4.6423288506,4.6423020982,0.0013365715,0.000290372922495,292,304,True,0
38,4.6559344042,4.6558514665,0.0041465996,4.6579691404,4.6578871492,0.0040980814,0.00028785949094,294,302,False,1
39,4.6502854872,4.6502243880,0.0030526691,4.6443465964,4.6443061333,0.0020191310,0.000285068429924,303,293,False,2
40,4.6481521594,4.6480931340,0.0029507934,4.6487207289,4.6486897469,0.0015468877,0.000282005360274,305,291,False,3
41,4.6492878223,4.6492264543,0.0030704294,4.6607438434,4.6607221938,0.0010799412,0.000278676450605,280,316,False,4
42,4.6499912755,4.6499367688,0.0027262604,4.6399054342,4.6398741239,0.0015643777,0.000275088404897,288,308,True,0
43,4.6457035013,4.6456391251,0.0032210963,4.6511650395,4.6510759639,0.0044567508,0.000271248448997,287,309,False,1
44,4.6461656750,4.6461204106,0.0022626298,4.6462205602,4.6461637113,0.0028440207,0.000267164316065,283,313,False,2
45,4.6441870632,4.6441619860,0.0012571100,4.6614356660,4.6613825575,0.0026525423,0.000262844231001,317,279,False,3
46,4.6500990247,4.6500594312,0.0019798398,4.6452704343,4.6452247075,0.0022873025,0.000258296893882,273,323,False,4
47,4.6413203822,4.6412812111,0.0019581710,4.6598640231,4.6597991733,0.0032404156,0.00025353146244,297,299,False,5
48,4.6390280340,4.6390003582,0.0013823238,4.6434095494,4.6433486629,0.0030402003,0.000248557533618,310,286,False,6
49,4.6416686045,4.6416467532,0.0010935970,4.6406137603,4.6405594132,0.0027151414,0.000243385124249,291,305,False,7
50,4.6462133043,4.6461708946,0.0021208565,4.6720751168,4.6720269686,0.0024103665,0.000238024650876,301,295,False,8
51,4.6443491750,4.6443123145,0.0018450365,4.6514223148,4.6513900633,0.0016082063,0.000232486908778,298,298,False,9
52,4.6459767066,4.6459374972,0.0019603740,4.6572939452,4.6572281045,0.0032908691,0.000226783050232,321,275,False,10
