evaluation_run,checkpoint,dataset,protocol,evaluation_unit,total_count,correct_count,harmonic_1p5x_count,harmonic_2x_count,harmonic_0p5x_count,other_large_error_count
evaluation_protocols,Our PURE intra (epoch 29),BH-rPPG,Official,recording,105,90,4,6,0,5
evaluation_protocols,Our PURE intra (epoch 29),BH-rPPG,Old,window,5323,3514,368,643,14,784
evaluation_protocols,Our PURE intra (epoch 29),BH-rPPG,PRISM,window,523,387,40,39,0,57
evaluation_protocols,Our PURE intra (epoch 29),COHFACE,Official,recording,160,42,64,21,0,33
evaluation_protocols,Our PURE intra (epoch 29),COHFACE,Old,window,8242,1317,1946,3777,19,1183
evaluation_protocols,Our PURE intra (epoch 29),COHFACE,PRISM,window,810,201,240,229,0,140
evaluation_protocols,Our PURE intra (epoch 29),PURE,Official,recording,24,24,0,0,0,0
evaluation_protocols,Our PURE intra (epoch 29),PURE,Old,window,1464,1424,1,8,0,31
evaluation_protocols,Our PURE intra (epoch 29),PURE,PRISM,window,153,148,0,0,0,5
evaluation_protocols,Our PURE intra (epoch 29),TokyoTech,Official,recording,9,8,0,0,0,1
evaluation_protocols,Our PURE intra (epoch 29),TokyoTech,Old,window,1521,1238,29,72,0,182
evaluation_protocols,Our PURE intra (epoch 29),TokyoTech,PRISM,window,153,132,3,3,0,15
evaluation_protocols,Our PURE intra (epoch 29),UBFC-PHYS,Official,recording,60,34,10,4,0,12
evaluation_protocols,Our PURE intra (epoch 29),UBFC-PHYS,Old,window,10136,3686,1426,2203,71,2750
evaluation_protocols,Our PURE intra (epoch 29),UBFC-PHYS,PRISM,window,1020,428,150,168,8,266
evaluation_protocols,Our PURE intra (epoch 29),UBFC-rPPG,Official,recording,42,40,0,0,0,2
evaluation_protocols,Our PURE intra (epoch 29),UBFC-rPPG,Old,window,2280,2156,7,2,0,115
evaluation_protocols,Our PURE intra (epoch 29),UBFC-rPPG,PRISM,window,239,227,1,0,0,11
evaluation_protocols,Our UBFC intra (epoch 29),BH-rPPG,Official,recording,105,93,3,0,0,9
evaluation_protocols,Our UBFC intra (epoch 29),BH-rPPG,Old,window,5323,3929,217,361,15,801
evaluation_protocols,Our UBFC intra (epoch 29),BH-rPPG,PRISM,window,523,418,28,18,3,56
evaluation_protocols,Our UBFC intra (epoch 29),COHFACE,Official,recording,160,118,13,0,1,28
evaluation_protocols,Our UBFC intra (epoch 29),COHFACE,Old,window,8242,4390,382,209,491,2770
evaluation_protocols,Our UBFC intra (epoch 29),COHFACE,PRISM,window,810,489,49,17,31,224
evaluation_protocols,Our UBFC intra (epoch 29),PURE,Official,recording,59,57,0,0,0,2
evaluation_protocols,Our UBFC intra (epoch 29),PURE,Old,window,3558,3257,33,100,13,155
evaluation_protocols,Our UBFC intra (epoch 29),PURE,PRISM,window,374,344,4,9,2,15
evaluation_protocols,Our UBFC intra (epoch 29),TokyoTech,Official,recording,9,7,0,0,0,2
evaluation_protocols,Our UBFC intra (epoch 29),TokyoTech,Old,window,1521,1099,16,68,40,298
evaluation_protocols,Our UBFC intra (epoch 29),TokyoTech,PRISM,window,153,124,1,1,4,23
evaluation_protocols,Our UBFC intra (epoch 29),UBFC-PHYS,Official,recording,60,39,7,1,0,13
evaluation_protocols,Our UBFC intra (epoch 29),UBFC-PHYS,Old,window,10132,3901,1297,1684,216,3034
evaluation_protocols,Our UBFC intra (epoch 29),UBFC-PHYS,PRISM,window,1020,412,143,133,18,314
evaluation_protocols,Our UBFC intra (epoch 29),UBFC-rPPG,Official,recording,12,12,0,0,0,0
evaluation_protocols,Our UBFC intra (epoch 29),UBFC-rPPG,Old,window,668,648,0,0,1,19
evaluation_protocols,Our UBFC intra (epoch 29),UBFC-rPPG,PRISM,window,70,69,0,0,0,1
evaluation_protocols_augmentation_stage1,PURE_A1,BH-rPPG,Official,recording,105,95,4,0,0,6
evaluation_protocols_augmentation_stage1,PURE_A1,BH-rPPG,Old,window,5323,3975,261,170,33,884
evaluation_protocols_augmentation_stage1,PURE_A1,BH-rPPG,PRISM,window,523,411,24,14,1,73
evaluation_protocols_augmentation_stage1,PURE_A1,COHFACE,Official,recording,160,111,12,1,1,35
evaluation_protocols_augmentation_stage1,PURE_A1,COHFACE,Old,window,8242,3433,653,208,500,3448
evaluation_protocols_augmentation_stage1,PURE_A1,COHFACE,PRISM,window,810,406,58,13,25,308
evaluation_protocols_augmentation_stage1,PURE_A1,PURE,Official,recording,12,12,0,0,0,0
evaluation_protocols_augmentation_stage1,PURE_A1,PURE,Old,window,735,730,0,1,0,4
evaluation_protocols_augmentation_stage1,PURE_A1,PURE,PRISM,window,77,76,0,0,0,1
evaluation_protocols_augmentation_stage1,PURE_A1,TokyoTech,Official,recording,9,9,0,0,0,0
evaluation_protocols_augmentation_stage1,PURE_A1,TokyoTech,Old,window,1521,1330,0,1,12,178
evaluation_protocols_augmentation_stage1,PURE_A1,TokyoTech,PRISM,window,153,136,0,0,0,17
evaluation_protocols_augmentation_stage1,PURE_A1,UBFC-PHYS,Official,recording,60,37,7,1,0,15
evaluation_protocols_augmentation_stage1,PURE_A1,UBFC-PHYS,Old,window,10123,4124,1127,1561,222,3089
evaluation_protocols_augmentation_stage1,PURE_A1,UBFC-PHYS,PRISM,window,1020,452,125,126,15,302
evaluation_protocols_augmentation_stage1,PURE_A1,UBFC-rPPG,Official,recording,42,40,0,0,0,2
evaluation_protocols_augmentation_stage1,PURE_A1,UBFC-rPPG,Old,window,2278,2185,1,0,4,88
evaluation_protocols_augmentation_stage1,PURE_A1,UBFC-rPPG,PRISM,window,239,231,0,0,0,8
evaluation_protocols_augmentation_stage1,PURE_A2,BH-rPPG,Official,recording,105,99,1,0,0,5
evaluation_protocols_augmentation_stage1,PURE_A2,BH-rPPG,Old,window,5323,4135,184,57,40,907
evaluation_protocols_augmentation_stage1,PURE_A2,BH-rPPG,PRISM,window,523,426,18,3,3,73
evaluation_protocols_augmentation_stage1,PURE_A2,COHFACE,Official,recording,160,107,9,1,1,42
evaluation_protocols_augmentation_stage1,PURE_A2,COHFACE,Old,window,8242,3560,482,121,455,3624
evaluation_protocols_augmentation_stage1,PURE_A2,COHFACE,PRISM,window,810,413,43,9,26,319
evaluation_protocols_augmentation_stage1,PURE_A2,PURE,Official,recording,12,12,0,0,0,0
evaluation_protocols_augmentation_stage1,PURE_A2,PURE,Old,window,735,728,0,2,0,5
evaluation_protocols_augmentation_stage1,PURE_A2,PURE,PRISM,window,77,76,0,0,0,1
evaluation_protocols_augmentation_stage1,PURE_A2,TokyoTech,Official,recording,9,9,0,0,0,0
evaluation_protocols_augmentation_stage1,PURE_A2,TokyoTech,Old,window,1521,1376,1,1,9,134
evaluation_protocols_augmentation_stage1,PURE_A2,TokyoTech,PRISM,window,153,141,0,0,0,12
evaluation_protocols_augmentation_stage1,PURE_A2,UBFC-PHYS,Official,recording,60,37,7,1,0,15
evaluation_protocols_augmentation_stage1,PURE_A2,UBFC-PHYS,Old,window,10101,4009,1126,1334,367,3265
evaluation_protocols_augmentation_stage1,PURE_A2,UBFC-PHYS,PRISM,window,1020,448,130,102,20,320
evaluation_protocols_augmentation_stage1,PURE_A2,UBFC-rPPG,Official,recording,42,40,0,0,0,2
evaluation_protocols_augmentation_stage1,PURE_A2,UBFC-rPPG,Old,window,2279,2207,3,0,3,66
evaluation_protocols_augmentation_stage1,PURE_A2,UBFC-rPPG,PRISM,window,239,233,0,0,0,6
evaluation_protocols_augmentation_stage1,PURE_A3,BH-rPPG,Official,recording,105,91,3,1,0,10
evaluation_protocols_augmentation_stage1,PURE_A3,BH-rPPG,Old,window,5323,3851,235,216,67,954
evaluation_protocols_augmentation_stage1,PURE_A3,BH-rPPG,PRISM,window,523,400,18,19,1,85
evaluation_protocols_augmentation_stage1,PURE_A3,COHFACE,Official,recording,160,120,11,1,1,27
evaluation_protocols_augmentation_stage1,PURE_A3,COHFACE,Old,window,8242,3745,706,783,256,2752
evaluation_protocols_augmentation_stage1,PURE_A3,COHFACE,PRISM,window,810,437,80,47,9,237
evaluation_protocols_augmentation_stage1,PURE_A3,PURE,Official,recording,12,12,0,0,0,0
evaluation_protocols_augmentation_stage1,PURE_A3,PURE,Old,window,735,731,0,1,0,3
evaluation_protocols_augmentation_stage1,PURE_A3,PURE,PRISM,window,77,76,0,0,0,1
evaluation_protocols_augmentation_stage1,PURE_A3,TokyoTech,Official,recording,9,9,0,0,0,0
evaluation_protocols_augmentation_stage1,PURE_A3,TokyoTech,Old,window,1521,1370,1,0,7,143
evaluation_protocols_augmentation_stage1,PURE_A3,TokyoTech,PRISM,window,153,140,1,0,0,12
evaluation_protocols_augmentation_stage1,PURE_A3,UBFC-PHYS,Official,recording,60,37,8,1,0,14
evaluation_protocols_augmentation_stage1,PURE_A3,UBFC-PHYS,Old,window,10120,3926,1207,1589,227,3171
evaluation_protocols_augmentation_stage1,PURE_A3,UBFC-PHYS,PRISM,window,1020,440,135,117,16,312
evaluation_protocols_augmentation_stage1,PURE_A3,UBFC-rPPG,Official,recording,42,40,0,0,0,2
evaluation_protocols_augmentation_stage1,PURE_A3,UBFC-rPPG,Old,window,2280,2197,8,1,0,74
evaluation_protocols_augmentation_stage1,PURE_A3,UBFC-rPPG,PRISM,window,239,235,0,0,0,4
evaluation_protocols_augmentation_stage1,UBFC_A1,BH-rPPG,Official,recording,105,93,1,1,0,10
evaluation_protocols_augmentation_stage1,UBFC_A1,BH-rPPG,Old,window,5323,3913,234,244,52,880
evaluation_protocols_augmentation_stage1,UBFC_A1,BH-rPPG,PRISM,window,523,404,23,8,3,85
evaluation_protocols_augmentation_stage1,UBFC_A1,COHFACE,Official,recording,160,74,32,0,2,52
evaluation_protocols_augmentation_stage1,UBFC_A1,COHFACE,Old,window,8242,2885,676,137,792,3752
evaluation_protocols_augmentation_stage1,UBFC_A1,COHFACE,PRISM,window,810,341,106,10,20,333
evaluation_protocols_augmentation_stage1,UBFC_A1,PURE,Official,recording,59,55,0,2,0,2
evaluation_protocols_augmentation_stage1,UBFC_A1,PURE,Old,window,3550,3145,37,172,23,173
evaluation_protocols_augmentation_stage1,UBFC_A1,PURE,PRISM,window,372,322,5,27,3,15
evaluation_protocols_augmentation_stage1,UBFC_A1,TokyoTech,Official,recording,9,9,0,0,0,0
evaluation_protocols_augmentation_stage1,UBFC_A1,TokyoTech,Old,window,1521,1299,0,3,50,169
evaluation_protocols_augmentation_stage1,UBFC_A1,TokyoTech,PRISM,window,153,134,0,0,2,17
evaluation_protocols_augmentation_stage1,UBFC_A1,UBFC-PHYS,Official,recording,60,39,7,1,0,13
evaluation_protocols_augmentation_stage1,UBFC_A1,UBFC-PHYS,Old,window,10118,3853,1247,1384,352,3282
evaluation_protocols_augmentation_stage1,UBFC_A1,UBFC-PHYS,PRISM,window,1020,420,137,116,23,324
evaluation_protocols_augmentation_stage1,UBFC_A1,UBFC-rPPG,Official,recording,9,9,0,0,0,0
evaluation_protocols_augmentation_stage1,UBFC_A1,UBFC-rPPG,Old,window,497,492,0,0,0,5
evaluation_protocols_augmentation_stage1,UBFC_A1,UBFC-rPPG,PRISM,window,52,52,0,0,0,0
evaluation_protocols_augmentation_stage1,UBFC_A2,BH-rPPG,Official,recording,105,95,2,0,0,8
evaluation_protocols_augmentation_stage1,UBFC_A2,BH-rPPG,Old,window,5323,3962,173,142,54,992
evaluation_protocols_augmentation_stage1,UBFC_A2,BH-rPPG,PRISM,window,523,415,23,3,2,80
evaluation_protocols_augmentation_stage1,UBFC_A2,COHFACE,Official,recording,160,132,8,0,1,19
evaluation_protocols_augmentation_stage1,UBFC_A2,COHFACE,Old,window,8242,5099,305,72,293,2473
evaluation_protocols_augmentation_stage1,UBFC_A2,COHFACE,PRISM,window,810,531,35,3,14,227
evaluation_protocols_augmentation_stage1,UBFC_A2,PURE,Official,recording,59,54,0,4,0,1
evaluation_protocols_augmentation_stage1,UBFC_A2,PURE,Old,window,3560,3105,62,150,20,223
evaluation_protocols_augmentation_stage1,UBFC_A2,PURE,PRISM,window,374,320,7,27,1,19
evaluation_protocols_augmentation_stage1,UBFC_A2,TokyoTech,Official,recording,9,9,0,0,0,0
evaluation_protocols_augmentation_stage1,UBFC_A2,TokyoTech,Old,window,1521,1333,0,2,25,161
evaluation_protocols_augmentation_stage1,UBFC_A2,TokyoTech,PRISM,window,153,141,0,0,3,9
evaluation_protocols_augmentation_stage1,UBFC_A2,UBFC-PHYS,Official,recording,60,35,8,0,1,16
evaluation_protocols_augmentation_stage1,UBFC_A2,UBFC-PHYS,Old,window,10123,3802,1268,1488,338,3227
evaluation_protocols_augmentation_stage1,UBFC_A2,UBFC-PHYS,PRISM,window,1020,415,135,115,27,328
evaluation_protocols_augmentation_stage1,UBFC_A2,UBFC-rPPG,Official,recording,9,9,0,0,0,0
evaluation_protocols_augmentation_stage1,UBFC_A2,UBFC-rPPG,Old,window,497,490,0,0,1,6
evaluation_protocols_augmentation_stage1,UBFC_A2,UBFC-rPPG,PRISM,window,52,52,0,0,0,0
evaluation_protocols_augmentation_stage1,UBFC_A3,BH-rPPG,Official,recording,105,71,11,5,0,18
evaluation_protocols_augmentation_stage1,UBFC_A3,BH-rPPG,Old,window,5323,3274,399,484,93,1073
evaluation_protocols_augmentation_stage1,UBFC_A3,BH-rPPG,PRISM,window,523,350,48,27,4,94
evaluation_protocols_augmentation_stage1,UBFC_A3,COHFACE,Official,recording,160,119,7,1,1,32
evaluation_protocols_augmentation_stage1,UBFC_A3,COHFACE,Old,window,8242,4227,512,399,318,2786
evaluation_protocols_augmentation_stage1,UBFC_A3,COHFACE,PRISM,window,810,459,59,27,16,249
evaluation_protocols_augmentation_stage1,UBFC_A3,PURE,Official,recording,59,55,2,0,0,2
evaluation_protocols_augmentation_stage1,UBFC_A3,PURE,Old,window,3555,3060,52,69,25,349
evaluation_protocols_augmentation_stage1,UBFC_A3,PURE,PRISM,window,373,322,6,13,1,31
evaluation_protocols_augmentation_stage1,UBFC_A3,TokyoTech,Official,recording,9,8,0,0,0,1
evaluation_protocols_augmentation_stage1,UBFC_A3,TokyoTech,Old,window,1521,1313,5,33,5,165
evaluation_protocols_augmentation_stage1,UBFC_A3,TokyoTech,PRISM,window,153,144,0,0,1,8
evaluation_protocols_augmentation_stage1,UBFC_A3,UBFC-PHYS,Official,recording,60,34,7,0,0,19
evaluation_protocols_augmentation_stage1,UBFC_A3,UBFC-PHYS,Old,window,10111,3489,1302,1544,423,3353
evaluation_protocols_augmentation_stage1,UBFC_A3,UBFC-PHYS,PRISM,window,1020,385,135,120,28,352
evaluation_protocols_augmentation_stage1,UBFC_A3,UBFC-rPPG,Official,recording,9,9,0,0,0,0
evaluation_protocols_augmentation_stage1,UBFC_A3,UBFC-rPPG,Old,window,497,486,0,0,3,8
evaluation_protocols_augmentation_stage1,UBFC_A3,UBFC-rPPG,PRISM,window,52,52,0,0,0,0
evaluation_protocols_cross_matched,Our PURE cross-matched,BH-rPPG,Official,recording,105,97,1,2,0,5
evaluation_protocols_cross_matched,Our PURE cross-matched,BH-rPPG,Old,window,5323,3871,283,399,16,754
evaluation_protocols_cross_matched,Our PURE cross-matched,BH-rPPG,PRISM,window,523,414,25,20,1,63
evaluation_protocols_cross_matched,Our PURE cross-matched,COHFACE,Official,recording,160,106,5,1,3,45
evaluation_protocols_cross_matched,Our PURE cross-matched,COHFACE,Old,window,8242,3445,440,190,613,3554
evaluation_protocols_cross_matched,Our PURE cross-matched,COHFACE,PRISM,window,810,407,48,10,35,310
evaluation_protocols_cross_matched,Our PURE cross-matched,PURE,Official,recording,12,12,0,0,0,0
evaluation_protocols_cross_matched,Our PURE cross-matched,PURE,Old,window,735,727,0,1,0,7
evaluation_protocols_cross_matched,Our PURE cross-matched,PURE,PRISM,window,77,72,0,1,0,4
evaluation_protocols_cross_matched,Our PURE cross-matched,TokyoTech,Official,recording,9,8,0,0,0,1
evaluation_protocols_cross_matched,Our PURE cross-matched,TokyoTech,Old,window,1521,1255,0,8,29,229
evaluation_protocols_cross_matched,Our PURE cross-matched,TokyoTech,PRISM,window,153,130,0,0,3,20
evaluation_protocols_cross_matched,Our PURE cross-matched,UBFC-PHYS,Official,recording,60,35,6,2,0,17
evaluation_protocols_cross_matched,Our PURE cross-matched,UBFC-PHYS,Old,window,10103,4010,1122,1451,359,3161
evaluation_protocols_cross_matched,Our PURE cross-matched,UBFC-PHYS,PRISM,window,1019,445,132,113,29,300
evaluation_protocols_cross_matched,Our PURE cross-matched,UBFC-rPPG,Official,recording,42,39,0,0,0,3
evaluation_protocols_cross_matched,Our PURE cross-matched,UBFC-rPPG,Old,window,2275,2162,3,1,4,105
evaluation_protocols_cross_matched,Our PURE cross-matched,UBFC-rPPG,PRISM,window,239,228,0,0,0,11
evaluation_protocols_cross_matched,Our UBFC cross-matched (seed 100),BH-rPPG,Official,recording,105,94,4,1,0,6
evaluation_protocols_cross_matched,Our UBFC cross-matched (seed 100),BH-rPPG,Old,window,5323,3923,194,251,59,896
evaluation_protocols_cross_matched,Our UBFC cross-matched (seed 100),BH-rPPG,PRISM,window,523,407,19,13,1,83
evaluation_protocols_cross_matched,Our UBFC cross-matched (seed 100),COHFACE,Official,recording,160,86,29,0,3,42
evaluation_protocols_cross_matched,Our UBFC cross-matched (seed 100),COHFACE,Old,window,8242,2888,574,261,800,3719
evaluation_protocols_cross_matched,Our UBFC cross-matched (seed 100),COHFACE,PRISM,window,810,369,107,12,24,298
evaluation_protocols_cross_matched,Our UBFC cross-matched (seed 100),PURE,Official,recording,59,57,0,0,0,2
evaluation_protocols_cross_matched,Our UBFC cross-matched (seed 100),PURE,Old,window,3544,3280,27,17,26,194
evaluation_protocols_cross_matched,Our UBFC cross-matched (seed 100),PURE,PRISM,window,371,346,2,2,3,18
evaluation_protocols_cross_matched,Our UBFC cross-matched (seed 100),TokyoTech,Official,recording,9,9,0,0,0,0
evaluation_protocols_cross_matched,Our UBFC cross-matched (seed 100),TokyoTech,Old,window,1520,1190,2,27,52,249
evaluation_protocols_cross_matched,Our UBFC cross-matched (seed 100),TokyoTech,PRISM,window,153,125,0,0,4,24
evaluation_protocols_cross_matched,Our UBFC cross-matched (seed 100),UBFC-PHYS,Official,recording,60,36,6,0,1,17
evaluation_protocols_cross_matched,Our UBFC cross-matched (seed 100),UBFC-PHYS,Old,window,10110,3759,1296,1345,424,3286
evaluation_protocols_cross_matched,Our UBFC cross-matched (seed 100),UBFC-PHYS,PRISM,window,1020,421,130,106,24,339
evaluation_protocols_cross_matched,Our UBFC cross-matched (seed 100),UBFC-rPPG,Official,recording,9,9,0,0,0,0
evaluation_protocols_cross_matched,Our UBFC cross-matched (seed 100),UBFC-rPPG,Old,window,497,488,0,0,0,9
evaluation_protocols_cross_matched,Our UBFC cross-matched (seed 100),UBFC-rPPG,PRISM,window,52,52,0,0,0,0
evaluation_protocols_harmonic_loss,PURE_A0_HARMONIC,BH-rPPG,Official,recording,105,98,1,0,0,6
evaluation_protocols_harmonic_loss,PURE_A0_HARMONIC,BH-rPPG,Old,window,5323,4023,198,268,10,824
evaluation_protocols_harmonic_loss,PURE_A0_HARMONIC,BH-rPPG,PRISM,window,523,425,18,15,0,65
evaluation_protocols_harmonic_loss,PURE_A0_HARMONIC,COHFACE,Official,recording,160,103,15,1,0,41
evaluation_protocols_harmonic_loss,PURE_A0_HARMONIC,COHFACE,Old,window,8242,3420,786,373,472,3191
evaluation_protocols_harmonic_loss,PURE_A0_HARMONIC,COHFACE,PRISM,window,810,392,92,21,16,289
evaluation_protocols_harmonic_loss,PURE_A0_HARMONIC,PURE,Official,recording,12,12,0,0,0,0
evaluation_protocols_harmonic_loss,PURE_A0_HARMONIC,PURE,Old,window,735,726,1,0,0,8
evaluation_protocols_harmonic_loss,PURE_A0_HARMONIC,PURE,PRISM,window,77,77,0,0,0,0
evaluation_protocols_harmonic_loss,PURE_A0_HARMONIC,TokyoTech,Official,recording,9,9,0,0,0,0
evaluation_protocols_harmonic_loss,PURE_A0_HARMONIC,TokyoTech,Old,window,1521,1353,10,0,12,146
evaluation_protocols_harmonic_loss,PURE_A0_HARMONIC,TokyoTech,PRISM,window,153,140,0,0,0,13
evaluation_protocols_harmonic_loss,PURE_A0_HARMONIC,UBFC-PHYS,Official,recording,60,35,6,3,0,16
evaluation_protocols_harmonic_loss,PURE_A0_HARMONIC,UBFC-PHYS,Old,window,10109,3962,1206,1623,265,3053
evaluation_protocols_harmonic_loss,PURE_A0_HARMONIC,UBFC-PHYS,PRISM,window,1020,444,146,128,21,281
evaluation_protocols_harmonic_loss,PURE_A0_HARMONIC,UBFC-rPPG,Official,recording,42,38,0,0,0,4
evaluation_protocols_harmonic_loss,PURE_A0_HARMONIC,UBFC-rPPG,Old,window,2275,2136,4,0,28,107
evaluation_protocols_harmonic_loss,PURE_A0_HARMONIC,UBFC-rPPG,PRISM,window,239,225,0,0,2,12
evaluation_protocols_harmonic_loss,PURE_A2_HARMONIC,BH-rPPG,Official,recording,105,99,1,0,0,5
evaluation_protocols_harmonic_loss,PURE_A2_HARMONIC,BH-rPPG,Old,window,5323,4038,192,154,26,913
evaluation_protocols_harmonic_loss,PURE_A2_HARMONIC,BH-rPPG,PRISM,window,523,427,21,10,0,65
evaluation_protocols_harmonic_loss,PURE_A2_HARMONIC,COHFACE,Official,recording,160,102,11,0,0,47
evaluation_protocols_harmonic_loss,PURE_A2_HARMONIC,COHFACE,Old,window,8242,3389,817,511,456,3069
evaluation_protocols_harmonic_loss,PURE_A2_HARMONIC,COHFACE,PRISM,window,810,398,80,39,21,272
evaluation_protocols_harmonic_loss,PURE_A2_HARMONIC,PURE,Official,recording,12,12,0,0,0,0
evaluation_protocols_harmonic_loss,PURE_A2_HARMONIC,PURE,Old,window,735,724,1,1,0,9
evaluation_protocols_harmonic_loss,PURE_A2_HARMONIC,PURE,PRISM,window,77,74,0,0,0,3
evaluation_protocols_harmonic_loss,PURE_A2_HARMONIC,TokyoTech,Official,recording,9,9,0,0,0,0
evaluation_protocols_harmonic_loss,PURE_A2_HARMONIC,TokyoTech,Old,window,1521,1312,6,6,17,180
evaluation_protocols_harmonic_loss,PURE_A2_HARMONIC,TokyoTech,PRISM,window,153,135,1,0,2,15
evaluation_protocols_harmonic_loss,PURE_A2_HARMONIC,UBFC-PHYS,Official,recording,60,37,7,2,0,14
evaluation_protocols_harmonic_loss,PURE_A2_HARMONIC,UBFC-PHYS,Old,window,10103,3968,1187,1491,302,3155
evaluation_protocols_harmonic_loss,PURE_A2_HARMONIC,UBFC-PHYS,PRISM,window,1019,451,144,116,25,283
evaluation_protocols_harmonic_loss,PURE_A2_HARMONIC,UBFC-rPPG,Official,recording,42,40,0,0,0,2
evaluation_protocols_harmonic_loss,PURE_A2_HARMONIC,UBFC-rPPG,Old,window,2276,2168,3,3,6,96
evaluation_protocols_harmonic_loss,PURE_A2_HARMONIC,UBFC-rPPG,PRISM,window,239,223,0,0,0,16
evaluation_protocols_harmonic_loss,UBFC_A0_HARMONIC,BH-rPPG,Official,recording,105,83,5,0,1,16
evaluation_protocols_harmonic_loss,UBFC_A0_HARMONIC,BH-rPPG,Old,window,5323,3400,77,3,115,1728
evaluation_protocols_harmonic_loss,UBFC_A0_HARMONIC,BH-rPPG,PRISM,window,523,367,6,0,7,143
evaluation_protocols_harmonic_loss,UBFC_A0_HARMONIC,COHFACE,Official,recording,160,122,7,0,1,30
evaluation_protocols_harmonic_loss,UBFC_A0_HARMONIC,COHFACE,Old,window,8241,3772,235,49,672,3513
evaluation_protocols_harmonic_loss,UBFC_A0_HARMONIC,COHFACE,PRISM,window,810,454,42,4,34,276
evaluation_protocols_harmonic_loss,UBFC_A0_HARMONIC,PURE,Official,recording,59,52,1,0,3,3
evaluation_protocols_harmonic_loss,UBFC_A0_HARMONIC,PURE,Old,window,3494,2912,55,15,77,435
evaluation_protocols_harmonic_loss,UBFC_A0_HARMONIC,PURE,PRISM,window,371,317,11,1,13,29
evaluation_protocols_harmonic_loss,UBFC_A0_HARMONIC,TokyoTech,Official,recording,9,5,0,0,0,4
evaluation_protocols_harmonic_loss,UBFC_A0_HARMONIC,TokyoTech,Old,window,1521,1155,6,3,39,318
evaluation_protocols_harmonic_loss,UBFC_A0_HARMONIC,TokyoTech,PRISM,window,153,125,0,0,4,24
evaluation_protocols_harmonic_loss,UBFC_A0_HARMONIC,UBFC-PHYS,Official,recording,60,40,5,0,0,15
evaluation_protocols_harmonic_loss,UBFC_A0_HARMONIC,UBFC-PHYS,Old,window,10092,3786,1002,923,666,3715
evaluation_protocols_harmonic_loss,UBFC_A0_HARMONIC,UBFC-PHYS,PRISM,window,1018,415,113,75,46,369
evaluation_protocols_harmonic_loss,UBFC_A0_HARMONIC,UBFC-rPPG,Official,recording,9,9,0,0,0,0
evaluation_protocols_harmonic_loss,UBFC_A0_HARMONIC,UBFC-rPPG,Old,window,497,472,0,0,12,13
evaluation_protocols_harmonic_loss,UBFC_A0_HARMONIC,UBFC-rPPG,PRISM,window,52,50,0,0,1,1
evaluation_protocols_harmonic_loss,UBFC_A2_HARMONIC,BH-rPPG,Official,recording,105,92,2,0,0,11
evaluation_protocols_harmonic_loss,UBFC_A2_HARMONIC,BH-rPPG,Old,window,5323,3933,78,21,65,1226
evaluation_protocols_harmonic_loss,UBFC_A2_HARMONIC,BH-rPPG,PRISM,window,523,423,6,1,2,91
evaluation_protocols_harmonic_loss,UBFC_A2_HARMONIC,COHFACE,Official,recording,160,130,6,0,4,20
evaluation_protocols_harmonic_loss,UBFC_A2_HARMONIC,COHFACE,Old,window,8242,5231,201,29,332,2449
evaluation_protocols_harmonic_loss,UBFC_A2_HARMONIC,COHFACE,PRISM,window,810,561,17,3,20,209
evaluation_protocols_harmonic_loss,UBFC_A2_HARMONIC,PURE,Official,recording,59,54,0,0,1,4
evaluation_protocols_harmonic_loss,UBFC_A2_HARMONIC,PURE,Old,window,3528,2996,66,19,61,386
evaluation_protocols_harmonic_loss,UBFC_A2_HARMONIC,PURE,PRISM,window,374,320,8,2,5,39
evaluation_protocols_harmonic_loss,UBFC_A2_HARMONIC,TokyoTech,Official,recording,9,9,0,0,0,0
evaluation_protocols_harmonic_loss,UBFC_A2_HARMONIC,TokyoTech,Old,window,1521,1296,0,0,23,202
evaluation_protocols_harmonic_loss,UBFC_A2_HARMONIC,TokyoTech,PRISM,window,153,135,0,0,2,16
evaluation_protocols_harmonic_loss,UBFC_A2_HARMONIC,UBFC-PHYS,Official,recording,60,33,5,0,0,22
evaluation_protocols_harmonic_loss,UBFC_A2_HARMONIC,UBFC-PHYS,Old,window,10107,3623,1057,911,661,3855
evaluation_protocols_harmonic_loss,UBFC_A2_HARMONIC,UBFC-PHYS,PRISM,window,1019,375,113,71,44,416
evaluation_protocols_harmonic_loss,UBFC_A2_HARMONIC,UBFC-rPPG,Official,recording,9,9,0,0,0,0
evaluation_protocols_harmonic_loss,UBFC_A2_HARMONIC,UBFC-rPPG,Old,window,497,480,0,0,7,10
evaluation_protocols_harmonic_loss,UBFC_A2_HARMONIC,UBFC-rPPG,PRISM,window,52,52,0,0,0,0
evaluation_protocols_harmonic_rank_stage3,PURE_A2_HARMONIC_RANK,BH-rPPG,Official,recording,105,98,1,0,0,6
evaluation_protocols_harmonic_rank_stage3,PURE_A2_HARMONIC_RANK,BH-rPPG,Old,window,5323,4099,184,118,29,893
evaluation_protocols_harmonic_rank_stage3,PURE_A2_HARMONIC_RANK,BH-rPPG,PRISM,window,523,426,18,9,0,70
evaluation_protocols_harmonic_rank_stage3,PURE_A2_HARMONIC_RANK,COHFACE,Official,recording,160,111,6,0,1,42
evaluation_protocols_harmonic_rank_stage3,PURE_A2_HARMONIC_RANK,COHFACE,Old,window,8242,3456,369,104,667,3646
evaluation_protocols_harmonic_rank_stage3,PURE_A2_HARMONIC_RANK,COHFACE,PRISM,window,810,410,37,6,32,325
evaluation_protocols_harmonic_rank_stage3,PURE_A2_HARMONIC_RANK,PURE,Official,recording,12,12,0,0,0,0
evaluation_protocols_harmonic_rank_stage3,PURE_A2_HARMONIC_RANK,PURE,Old,window,735,730,0,1,0,4
evaluation_protocols_harmonic_rank_stage3,PURE_A2_HARMONIC_RANK,PURE,PRISM,window,77,77,0,0,0,0
evaluation_protocols_harmonic_rank_stage3,PURE_A2_HARMONIC_RANK,TokyoTech,Official,recording,9,9,0,0,0,0
evaluation_protocols_harmonic_rank_stage3,PURE_A2_HARMONIC_RANK,TokyoTech,Old,window,1521,1380,2,1,9,129
evaluation_protocols_harmonic_rank_stage3,PURE_A2_HARMONIC_RANK,TokyoTech,PRISM,window,153,144,0,0,0,9
evaluation_protocols_harmonic_rank_stage3,PURE_A2_HARMONIC_RANK,UBFC-PHYS,Official,recording,60,39,5,1,0,15
evaluation_protocols_harmonic_rank_stage3,PURE_A2_HARMONIC_RANK,UBFC-PHYS,Old,window,10098,3949,1165,1249,445,3290
evaluation_protocols_harmonic_rank_stage3,PURE_A2_HARMONIC_RANK,UBFC-PHYS,PRISM,window,1017,430,132,99,30,326
evaluation_protocols_harmonic_rank_stage3,PURE_A2_HARMONIC_RANK,UBFC-rPPG,Official,recording,42,39,0,0,0,3
evaluation_protocols_harmonic_rank_stage3,PURE_A2_HARMONIC_RANK,UBFC-rPPG,Old,window,2277,2176,0,0,12,89
evaluation_protocols_harmonic_rank_stage3,PURE_A2_HARMONIC_RANK,UBFC-rPPG,PRISM,window,239,229,0,0,1,9
evaluation_protocols_harmonic_rank_stage3,UBFC_A2_HARMONIC_RANK,BH-rPPG,Official,recording,105,77,13,7,0,8
evaluation_protocols_harmonic_rank_stage3,UBFC_A2_HARMONIC_RANK,BH-rPPG,Old,window,5323,2917,445,1379,6,576
evaluation_protocols_harmonic_rank_stage3,UBFC_A2_HARMONIC_RANK,BH-rPPG,PRISM,window,523,325,48,95,0,55
evaluation_protocols_harmonic_rank_stage3,UBFC_A2_HARMONIC_RANK,COHFACE,Official,recording,160,78,33,5,0,44
evaluation_protocols_harmonic_rank_stage3,UBFC_A2_HARMONIC_RANK,COHFACE,Old,window,8242,2603,1402,1778,167,2292
evaluation_protocols_harmonic_rank_stage3,UBFC_A2_HARMONIC_RANK,COHFACE,PRISM,window,810,294,155,133,7,221
evaluation_protocols_harmonic_rank_stage3,UBFC_A2_HARMONIC_RANK,PURE,Official,recording,59,42,2,15,0,0
evaluation_protocols_harmonic_rank_stage3,UBFC_A2_HARMONIC_RANK,PURE,Old,window,3575,2411,64,958,1,141
evaluation_protocols_harmonic_rank_stage3,UBFC_A2_HARMONIC_RANK,PURE,PRISM,window,374,263,6,91,0,14
evaluation_protocols_harmonic_rank_stage3,UBFC_A2_HARMONIC_RANK,TokyoTech,Official,recording,9,9,0,0,0,0
evaluation_protocols_harmonic_rank_stage3,UBFC_A2_HARMONIC_RANK,TokyoTech,Old,window,1521,1338,11,32,2,138
evaluation_protocols_harmonic_rank_stage3,UBFC_A2_HARMONIC_RANK,TokyoTech,PRISM,window,153,146,0,0,0,7
evaluation_protocols_harmonic_rank_stage3,UBFC_A2_HARMONIC_RANK,UBFC-PHYS,Official,recording,60,34,11,0,0,15
evaluation_protocols_harmonic_rank_stage3,UBFC_A2_HARMONIC_RANK,UBFC-PHYS,Old,window,10134,3727,1479,1878,170,2880
evaluation_protocols_harmonic_rank_stage3,UBFC_A2_HARMONIC_RANK,UBFC-PHYS,PRISM,window,1020,412,149,143,14,302
evaluation_protocols_harmonic_rank_stage3,UBFC_A2_HARMONIC_RANK,UBFC-rPPG,Official,recording,9,9,0,0,0,0
evaluation_protocols_harmonic_rank_stage3,UBFC_A2_HARMONIC_RANK,UBFC-rPPG,Old,window,497,490,0,0,1,6
evaluation_protocols_harmonic_rank_stage3,UBFC_A2_HARMONIC_RANK,UBFC-rPPG,PRISM,window,52,52,0,0,0,0
evaluation_protocols_loss_suite_stage2,PURE_A0_L2_HARMONIC_REPLACE,BH-rPPG,Official,recording,105,93,6,0,0,6
evaluation_protocols_loss_suite_stage2,PURE_A0_L2_HARMONIC_REPLACE,BH-rPPG,Old,window,5323,3831,260,162,55,1015
evaluation_protocols_loss_suite_stage2,PURE_A0_L2_HARMONIC_REPLACE,BH-rPPG,PRISM,window,523,405,24,5,2,87
evaluation_protocols_loss_suite_stage2,PURE_A0_L2_HARMONIC_REPLACE,COHFACE,Official,recording,160,104,14,0,0,42
evaluation_protocols_loss_suite_stage2,PURE_A0_L2_HARMONIC_REPLACE,COHFACE,Old,window,8242,2903,937,435,417,3550
evaluation_protocols_loss_suite_stage2,PURE_A0_L2_HARMONIC_REPLACE,COHFACE,PRISM,window,810,329,111,28,23,319
evaluation_protocols_loss_suite_stage2,PURE_A0_L2_HARMONIC_REPLACE,PURE,Official,recording,12,12,0,0,0,0
evaluation_protocols_loss_suite_stage2,PURE_A0_L2_HARMONIC_REPLACE,PURE,Old,window,735,726,1,0,0,8
evaluation_protocols_loss_suite_stage2,PURE_A0_L2_HARMONIC_REPLACE,PURE,PRISM,window,77,77,0,0,0,0
evaluation_protocols_loss_suite_stage2,PURE_A0_L2_HARMONIC_REPLACE,TokyoTech,Official,recording,9,9,0,0,0,0
evaluation_protocols_loss_suite_stage2,PURE_A0_L2_HARMONIC_REPLACE,TokyoTech,Old,window,1521,1291,1,0,32,197
evaluation_protocols_loss_suite_stage2,PURE_A0_L2_HARMONIC_REPLACE,TokyoTech,PRISM,window,153,127,0,0,4,22
evaluation_protocols_loss_suite_stage2,PURE_A0_L2_HARMONIC_REPLACE,UBFC-PHYS,Official,recording,60,35,8,1,0,16
evaluation_protocols_loss_suite_stage2,PURE_A0_L2_HARMONIC_REPLACE,UBFC-PHYS,Old,window,10116,4016,1232,1643,235,2990
evaluation_protocols_loss_suite_stage2,PURE_A0_L2_HARMONIC_REPLACE,UBFC-PHYS,PRISM,window,1019,461,144,122,19,273
evaluation_protocols_loss_suite_stage2,PURE_A0_L2_HARMONIC_REPLACE,UBFC-rPPG,Official,recording,42,39,0,0,0,3
evaluation_protocols_loss_suite_stage2,PURE_A0_L2_HARMONIC_REPLACE,UBFC-rPPG,Old,window,2272,2108,2,0,15,147
evaluation_protocols_loss_suite_stage2,PURE_A0_L2_HARMONIC_REPLACE,UBFC-rPPG,PRISM,window,239,224,0,0,0,15
evaluation_protocols_loss_suite_stage2,PURE_A0_L3_CONCENTRATION,BH-rPPG,Official,recording,105,95,6,0,0,4
evaluation_protocols_loss_suite_stage2,PURE_A0_L3_CONCENTRATION,BH-rPPG,Old,window,5322,3874,308,332,26,782
evaluation_protocols_loss_suite_stage2,PURE_A0_L3_CONCENTRATION,BH-rPPG,PRISM,window,523,413,35,18,0,57
evaluation_protocols_loss_suite_stage2,PURE_A0_L3_CONCENTRATION,COHFACE,Official,recording,160,100,17,2,0,41
evaluation_protocols_loss_suite_stage2,PURE_A0_L3_CONCENTRATION,COHFACE,Old,window,8242,2631,802,401,655,3753
evaluation_protocols_loss_suite_stage2,PURE_A0_L3_CONCENTRATION,COHFACE,PRISM,window,810,347,98,29,7,329
evaluation_protocols_loss_suite_stage2,PURE_A0_L3_CONCENTRATION,PURE,Official,recording,12,12,0,0,0,0
evaluation_protocols_loss_suite_stage2,PURE_A0_L3_CONCENTRATION,PURE,Old,window,735,705,4,7,0,19
evaluation_protocols_loss_suite_stage2,PURE_A0_L3_CONCENTRATION,PURE,PRISM,window,77,73,1,0,0,3
evaluation_protocols_loss_suite_stage2,PURE_A0_L3_CONCENTRATION,TokyoTech,Official,recording,9,9,0,0,0,0
evaluation_protocols_loss_suite_stage2,PURE_A0_L3_CONCENTRATION,TokyoTech,Old,window,1521,1398,2,1,10,110
evaluation_protocols_loss_suite_stage2,PURE_A0_L3_CONCENTRATION,TokyoTech,PRISM,window,153,144,0,0,1,8
evaluation_protocols_loss_suite_stage2,PURE_A0_L3_CONCENTRATION,UBFC-PHYS,Official,recording,60,35,6,1,0,18
evaluation_protocols_loss_suite_stage2,PURE_A0_L3_CONCENTRATION,UBFC-PHYS,Old,window,10097,3628,1208,1242,573,3446
evaluation_protocols_loss_suite_stage2,PURE_A0_L3_CONCENTRATION,UBFC-PHYS,PRISM,window,1020,398,141,90,30,361
evaluation_protocols_loss_suite_stage2,PURE_A0_L3_CONCENTRATION,UBFC-rPPG,Official,recording,42,34,0,0,0,8
evaluation_protocols_loss_suite_stage2,PURE_A0_L3_CONCENTRATION,UBFC-rPPG,Old,window,2255,1793,6,3,144,309
evaluation_protocols_loss_suite_stage2,PURE_A0_L3_CONCENTRATION,UBFC-rPPG,PRISM,window,239,195,1,0,6,37
evaluation_protocols_loss_suite_stage2,PURE_A0_L4_CONCENTRATION_HARMONIC,BH-rPPG,Official,recording,105,94,3,0,0,8
evaluation_protocols_loss_suite_stage2,PURE_A0_L4_CONCENTRATION_HARMONIC,BH-rPPG,Old,window,5323,3805,156,129,43,1190
evaluation_protocols_loss_suite_stage2,PURE_A0_L4_CONCENTRATION_HARMONIC,BH-rPPG,PRISM,window,523,412,15,5,2,89
evaluation_protocols_loss_suite_stage2,PURE_A0_L4_CONCENTRATION_HARMONIC,COHFACE,Official,recording,160,81,29,3,1,46
evaluation_protocols_loss_suite_stage2,PURE_A0_L4_CONCENTRATION_HARMONIC,COHFACE,Old,window,8242,2902,1016,451,378,3495
evaluation_protocols_loss_suite_stage2,PURE_A0_L4_CONCENTRATION_HARMONIC,COHFACE,PRISM,window,810,331,120,38,18,303
evaluation_protocols_loss_suite_stage2,PURE_A0_L4_CONCENTRATION_HARMONIC,PURE,Official,recording,12,12,0,0,0,0
evaluation_protocols_loss_suite_stage2,PURE_A0_L4_CONCENTRATION_HARMONIC,PURE,Old,window,735,724,0,4,0,7
evaluation_protocols_loss_suite_stage2,PURE_A0_L4_CONCENTRATION_HARMONIC,PURE,PRISM,window,77,76,0,0,0,1
evaluation_protocols_loss_suite_stage2,PURE_A0_L4_CONCENTRATION_HARMONIC,TokyoTech,Official,recording,9,8,0,0,0,1
evaluation_protocols_loss_suite_stage2,PURE_A0_L4_CONCENTRATION_HARMONIC,TokyoTech,Old,window,1521,1210,15,20,12,264
evaluation_protocols_loss_suite_stage2,PURE_A0_L4_CONCENTRATION_HARMONIC,TokyoTech,PRISM,window,153,126,2,0,1,24
evaluation_protocols_loss_suite_stage2,PURE_A0_L4_CONCENTRATION_HARMONIC,UBFC-PHYS,Official,recording,60,39,9,0,0,12
evaluation_protocols_loss_suite_stage2,PURE_A0_L4_CONCENTRATION_HARMONIC,UBFC-PHYS,Old,window,10114,3836,1195,1410,303,3370
evaluation_protocols_loss_suite_stage2,PURE_A0_L4_CONCENTRATION_HARMONIC,UBFC-PHYS,PRISM,window,1020,431,141,110,25,313
evaluation_protocols_loss_suite_stage2,PURE_A0_L4_CONCENTRATION_HARMONIC,UBFC-rPPG,Official,recording,42,39,0,0,0,3
evaluation_protocols_loss_suite_stage2,PURE_A0_L4_CONCENTRATION_HARMONIC,UBFC-rPPG,Old,window,2274,2119,1,2,16,136
evaluation_protocols_loss_suite_stage2,PURE_A0_L4_CONCENTRATION_HARMONIC,UBFC-rPPG,PRISM,window,239,226,0,0,0,13
evaluation_protocols_loss_suite_stage2,PURE_A0_L5_CE_CONCENTRATION,BH-rPPG,Official,recording,105,101,2,0,0,2
evaluation_protocols_loss_suite_stage2,PURE_A0_L5_CE_CONCENTRATION,BH-rPPG,Old,window,5323,3935,244,295,10,839
evaluation_protocols_loss_suite_stage2,PURE_A0_L5_CE_CONCENTRATION,BH-rPPG,PRISM,window,523,427,19,12,0,65
evaluation_protocols_loss_suite_stage2,PURE_A0_L5_CE_CONCENTRATION,COHFACE,Official,recording,160,103,10,1,0,46
evaluation_protocols_loss_suite_stage2,PURE_A0_L5_CE_CONCENTRATION,COHFACE,Old,window,8242,3221,759,357,512,3393
evaluation_protocols_loss_suite_stage2,PURE_A0_L5_CE_CONCENTRATION,COHFACE,PRISM,window,810,354,87,37,21,311
evaluation_protocols_loss_suite_stage2,PURE_A0_L5_CE_CONCENTRATION,PURE,Official,recording,12,12,0,0,0,0
evaluation_protocols_loss_suite_stage2,PURE_A0_L5_CE_CONCENTRATION,PURE,Old,window,735,695,4,27,0,9
evaluation_protocols_loss_suite_stage2,PURE_A0_L5_CE_CONCENTRATION,PURE,PRISM,window,77,71,0,5,0,1
evaluation_protocols_loss_suite_stage2,PURE_A0_L5_CE_CONCENTRATION,TokyoTech,Official,recording,9,9,0,0,0,0
evaluation_protocols_loss_suite_stage2,PURE_A0_L5_CE_CONCENTRATION,TokyoTech,Old,window,1521,1280,10,24,18,189
evaluation_protocols_loss_suite_stage2,PURE_A0_L5_CE_CONCENTRATION,TokyoTech,PRISM,window,153,137,1,0,1,14
evaluation_protocols_loss_suite_stage2,PURE_A0_L5_CE_CONCENTRATION,UBFC-PHYS,Official,recording,60,37,9,1,0,13
evaluation_protocols_loss_suite_stage2,PURE_A0_L5_CE_CONCENTRATION,UBFC-PHYS,Old,window,10117,3516,1376,1750,252,3223
evaluation_protocols_loss_suite_stage2,PURE_A0_L5_CE_CONCENTRATION,UBFC-PHYS,PRISM,window,1020,401,154,130,25,310
evaluation_protocols_loss_suite_stage2,PURE_A0_L5_CE_CONCENTRATION,UBFC-rPPG,Official,recording,42,35,0,0,0,7
evaluation_protocols_loss_suite_stage2,PURE_A0_L5_CE_CONCENTRATION,UBFC-rPPG,Old,window,2276,1941,18,29,30,258
evaluation_protocols_loss_suite_stage2,PURE_A0_L5_CE_CONCENTRATION,UBFC-rPPG,PRISM,window,239,211,3,1,0,24
evaluation_protocols_loss_suite_stage2,PURE_A2_L2_HARMONIC_REPLACE,BH-rPPG,Official,recording,105,98,1,2,0,4
evaluation_protocols_loss_suite_stage2,PURE_A2_L2_HARMONIC_REPLACE,BH-rPPG,Old,window,5323,4126,169,346,14,668
evaluation_protocols_loss_suite_stage2,PURE_A2_L2_HARMONIC_REPLACE,BH-rPPG,PRISM,window,523,440,24,17,0,42
evaluation_protocols_loss_suite_stage2,PURE_A2_L2_HARMONIC_REPLACE,COHFACE,Official,recording,160,121,6,0,1,32
evaluation_protocols_loss_suite_stage2,PURE_A2_L2_HARMONIC_REPLACE,COHFACE,Old,window,8242,3946,693,597,309,2697
evaluation_protocols_loss_suite_stage2,PURE_A2_L2_HARMONIC_REPLACE,COHFACE,PRISM,window,810,447,81,34,15,233
evaluation_protocols_loss_suite_stage2,PURE_A2_L2_HARMONIC_REPLACE,PURE,Official,recording,12,12,0,0,0,0
evaluation_protocols_loss_suite_stage2,PURE_A2_L2_HARMONIC_REPLACE,PURE,Old,window,735,729,0,0,0,6
evaluation_protocols_loss_suite_stage2,PURE_A2_L2_HARMONIC_REPLACE,PURE,PRISM,window,77,76,0,0,0,1
evaluation_protocols_loss_suite_stage2,PURE_A2_L2_HARMONIC_REPLACE,TokyoTech,Official,recording,9,9,0,0,0,0
evaluation_protocols_loss_suite_stage2,PURE_A2_L2_HARMONIC_REPLACE,TokyoTech,Old,window,1521,1384,3,7,6,121
evaluation_protocols_loss_suite_stage2,PURE_A2_L2_HARMONIC_REPLACE,TokyoTech,PRISM,window,153,144,0,0,0,9
evaluation_protocols_loss_suite_stage2,PURE_A2_L2_HARMONIC_REPLACE,UBFC-PHYS,Official,recording,60,39,7,3,0,11
evaluation_protocols_loss_suite_stage2,PURE_A2_L2_HARMONIC_REPLACE,UBFC-PHYS,Old,window,10119,4008,1241,1550,283,3037
evaluation_protocols_loss_suite_stage2,PURE_A2_L2_HARMONIC_REPLACE,UBFC-PHYS,PRISM,window,1020,453,129,126,18,294
evaluation_protocols_loss_suite_stage2,PURE_A2_L2_HARMONIC_REPLACE,UBFC-rPPG,Official,recording,42,40,0,0,0,2
evaluation_protocols_loss_suite_stage2,PURE_A2_L2_HARMONIC_REPLACE,UBFC-rPPG,Old,window,2277,2193,1,2,9,72
evaluation_protocols_loss_suite_stage2,PURE_A2_L2_HARMONIC_REPLACE,UBFC-rPPG,PRISM,window,239,232,0,0,0,7
evaluation_protocols_loss_suite_stage2,PURE_A2_L3_CONCENTRATION,BH-rPPG,Official,recording,105,89,10,2,0,4
evaluation_protocols_loss_suite_stage2,PURE_A2_L3_CONCENTRATION,BH-rPPG,Old,window,5323,3685,364,553,2,719
evaluation_protocols_loss_suite_stage2,PURE_A2_L3_CONCENTRATION,BH-rPPG,PRISM,window,523,396,42,27,0,58
evaluation_protocols_loss_suite_stage2,PURE_A2_L3_CONCENTRATION,COHFACE,Official,recording,160,117,6,1,0,36
evaluation_protocols_loss_suite_stage2,PURE_A2_L3_CONCENTRATION,COHFACE,Old,window,8242,3608,915,563,297,2859
evaluation_protocols_loss_suite_stage2,PURE_A2_L3_CONCENTRATION,COHFACE,PRISM,window,810,407,109,39,13,242
evaluation_protocols_loss_suite_stage2,PURE_A2_L3_CONCENTRATION,PURE,Official,recording,12,12,0,0,0,0
evaluation_protocols_loss_suite_stage2,PURE_A2_L3_CONCENTRATION,PURE,Old,window,735,731,1,0,0,3
evaluation_protocols_loss_suite_stage2,PURE_A2_L3_CONCENTRATION,PURE,PRISM,window,77,76,0,0,0,1
evaluation_protocols_loss_suite_stage2,PURE_A2_L3_CONCENTRATION,TokyoTech,Official,recording,9,9,0,0,0,0
evaluation_protocols_loss_suite_stage2,PURE_A2_L3_CONCENTRATION,TokyoTech,Old,window,1521,1186,24,58,9,244
evaluation_protocols_loss_suite_stage2,PURE_A2_L3_CONCENTRATION,TokyoTech,PRISM,window,153,131,2,3,0,17
evaluation_protocols_loss_suite_stage2,PURE_A2_L3_CONCENTRATION,UBFC-PHYS,Official,recording,60,37,6,1,0,16
evaluation_protocols_loss_suite_stage2,PURE_A2_L3_CONCENTRATION,UBFC-PHYS,Old,window,10113,3786,1274,1396,317,3340
evaluation_protocols_loss_suite_stage2,PURE_A2_L3_CONCENTRATION,UBFC-PHYS,PRISM,window,1020,426,135,117,30,312
evaluation_protocols_loss_suite_stage2,PURE_A2_L3_CONCENTRATION,UBFC-rPPG,Official,recording,42,39,0,0,0,3
evaluation_protocols_loss_suite_stage2,PURE_A2_L3_CONCENTRATION,UBFC-rPPG,Old,window,2279,2126,8,0,10,135
evaluation_protocols_loss_suite_stage2,PURE_A2_L3_CONCENTRATION,UBFC-rPPG,PRISM,window,239,226,0,0,0,13
evaluation_protocols_loss_suite_stage2,PURE_A2_L4_CONCENTRATION_HARMONIC,BH-rPPG,Official,recording,105,95,3,1,0,6
evaluation_protocols_loss_suite_stage2,PURE_A2_L4_CONCENTRATION_HARMONIC,BH-rPPG,Old,window,5323,3470,321,517,31,984
evaluation_protocols_loss_suite_stage2,PURE_A2_L4_CONCENTRATION_HARMONIC,BH-rPPG,PRISM,window,523,388,35,24,0,76
evaluation_protocols_loss_suite_stage2,PURE_A2_L4_CONCENTRATION_HARMONIC,COHFACE,Official,recording,160,124,7,2,0,27
evaluation_protocols_loss_suite_stage2,PURE_A2_L4_CONCENTRATION_HARMONIC,COHFACE,Old,window,8242,4326,447,282,341,2846
evaluation_protocols_loss_suite_stage2,PURE_A2_L4_CONCENTRATION_HARMONIC,COHFACE,PRISM,window,810,452,59,10,8,281
evaluation_protocols_loss_suite_stage2,PURE_A2_L4_CONCENTRATION_HARMONIC,PURE,Official,recording,12,12,0,0,0,0
evaluation_protocols_loss_suite_stage2,PURE_A2_L4_CONCENTRATION_HARMONIC,PURE,Old,window,735,713,5,4,0,13
evaluation_protocols_loss_suite_stage2,PURE_A2_L4_CONCENTRATION_HARMONIC,PURE,PRISM,window,77,74,1,1,0,1
evaluation_protocols_loss_suite_stage2,PURE_A2_L4_CONCENTRATION_HARMONIC,TokyoTech,Official,recording,9,9,0,0,0,0
evaluation_protocols_loss_suite_stage2,PURE_A2_L4_CONCENTRATION_HARMONIC,TokyoTech,Old,window,1521,1217,19,39,34,212
evaluation_protocols_loss_suite_stage2,PURE_A2_L4_CONCENTRATION_HARMONIC,TokyoTech,PRISM,window,153,130,1,0,4,18
evaluation_protocols_loss_suite_stage2,PURE_A2_L4_CONCENTRATION_HARMONIC,UBFC-PHYS,Official,recording,60,33,10,0,0,17
evaluation_protocols_loss_suite_stage2,PURE_A2_L4_CONCENTRATION_HARMONIC,UBFC-PHYS,Old,window,10103,3475,1224,1381,529,3494
evaluation_protocols_loss_suite_stage2,PURE_A2_L4_CONCENTRATION_HARMONIC,UBFC-PHYS,PRISM,window,1020,399,135,90,33,363
evaluation_protocols_loss_suite_stage2,PURE_A2_L4_CONCENTRATION_HARMONIC,UBFC-rPPG,Official,recording,42,37,0,0,0,5
evaluation_protocols_loss_suite_stage2,PURE_A2_L4_CONCENTRATION_HARMONIC,UBFC-rPPG,Old,window,2279,1962,52,23,10,232
evaluation_protocols_loss_suite_stage2,PURE_A2_L4_CONCENTRATION_HARMONIC,UBFC-rPPG,PRISM,window,239,217,2,0,0,20
evaluation_protocols_loss_suite_stage2,PURE_A2_L5_CE_CONCENTRATION,BH-rPPG,Official,recording,105,88,8,0,0,9
evaluation_protocols_loss_suite_stage2,PURE_A2_L5_CE_CONCENTRATION,BH-rPPG,Old,window,5323,3860,282,117,18,1046
evaluation_protocols_loss_suite_stage2,PURE_A2_L5_CE_CONCENTRATION,BH-rPPG,PRISM,window,523,408,34,6,1,74
evaluation_protocols_loss_suite_stage2,PURE_A2_L5_CE_CONCENTRATION,COHFACE,Official,recording,160,108,18,1,1,32
evaluation_protocols_loss_suite_stage2,PURE_A2_L5_CE_CONCENTRATION,COHFACE,Old,window,8242,3757,810,386,227,3062
evaluation_protocols_loss_suite_stage2,PURE_A2_L5_CE_CONCENTRATION,COHFACE,PRISM,window,810,435,72,25,17,261
evaluation_protocols_loss_suite_stage2,PURE_A2_L5_CE_CONCENTRATION,PURE,Official,recording,12,12,0,0,0,0
evaluation_protocols_loss_suite_stage2,PURE_A2_L5_CE_CONCENTRATION,PURE,Old,window,735,729,1,0,0,5
evaluation_protocols_loss_suite_stage2,PURE_A2_L5_CE_CONCENTRATION,PURE,PRISM,window,77,75,0,0,0,2
evaluation_protocols_loss_suite_stage2,PURE_A2_L5_CE_CONCENTRATION,TokyoTech,Official,recording,9,9,0,0,0,0
evaluation_protocols_loss_suite_stage2,PURE_A2_L5_CE_CONCENTRATION,TokyoTech,Old,window,1521,1305,4,3,17,192
evaluation_protocols_loss_suite_stage2,PURE_A2_L5_CE_CONCENTRATION,TokyoTech,PRISM,window,153,142,0,0,2,9
evaluation_protocols_loss_suite_stage2,PURE_A2_L5_CE_CONCENTRATION,UBFC-PHYS,Official,recording,60,35,6,1,0,18
evaluation_protocols_loss_suite_stage2,PURE_A2_L5_CE_CONCENTRATION,UBFC-PHYS,Old,window,10121,3806,1231,1420,289,3375
evaluation_protocols_loss_suite_stage2,PURE_A2_L5_CE_CONCENTRATION,UBFC-PHYS,PRISM,window,1020,435,131,109,20,325
evaluation_protocols_loss_suite_stage2,PURE_A2_L5_CE_CONCENTRATION,UBFC-rPPG,Official,recording,42,40,1,0,0,1
evaluation_protocols_loss_suite_stage2,PURE_A2_L5_CE_CONCENTRATION,UBFC-rPPG,Old,window,2279,2125,22,0,10,122
evaluation_protocols_loss_suite_stage2,PURE_A2_L5_CE_CONCENTRATION,UBFC-rPPG,PRISM,window,239,225,3,0,0,11
evaluation_protocols_loss_suite_stage2,UBFC_A0_L2_HARMONIC_REPLACE,BH-rPPG,Official,recording,105,92,4,0,0,9
evaluation_protocols_loss_suite_stage2,UBFC_A0_L2_HARMONIC_REPLACE,BH-rPPG,Old,window,5323,3972,80,86,136,1049
evaluation_protocols_loss_suite_stage2,UBFC_A0_L2_HARMONIC_REPLACE,BH-rPPG,PRISM,window,523,416,16,3,2,86
evaluation_protocols_loss_suite_stage2,UBFC_A0_L2_HARMONIC_REPLACE,COHFACE,Official,recording,160,122,7,0,4,27
evaluation_protocols_loss_suite_stage2,UBFC_A0_L2_HARMONIC_REPLACE,COHFACE,Old,window,8242,4197,192,21,641,3191
evaluation_protocols_loss_suite_stage2,UBFC_A0_L2_HARMONIC_REPLACE,COHFACE,PRISM,window,810,472,30,3,24,281
evaluation_protocols_loss_suite_stage2,UBFC_A0_L2_HARMONIC_REPLACE,PURE,Official,recording,59,56,0,0,1,2
evaluation_protocols_loss_suite_stage2,UBFC_A0_L2_HARMONIC_REPLACE,PURE,Old,window,3553,3122,32,10,34,355
evaluation_protocols_loss_suite_stage2,UBFC_A0_L2_HARMONIC_REPLACE,PURE,PRISM,window,374,334,4,4,2,30
evaluation_protocols_loss_suite_stage2,UBFC_A0_L2_HARMONIC_REPLACE,TokyoTech,Official,recording,9,8,0,0,0,1
evaluation_protocols_loss_suite_stage2,UBFC_A0_L2_HARMONIC_REPLACE,TokyoTech,Old,window,1521,1250,2,5,50,214
evaluation_protocols_loss_suite_stage2,UBFC_A0_L2_HARMONIC_REPLACE,TokyoTech,PRISM,window,153,129,0,0,4,20
evaluation_protocols_loss_suite_stage2,UBFC_A0_L2_HARMONIC_REPLACE,UBFC-PHYS,Official,recording,60,37,6,0,0,17
evaluation_protocols_loss_suite_stage2,UBFC_A0_L2_HARMONIC_REPLACE,UBFC-PHYS,Old,window,10118,3753,1192,1138,576,3459
evaluation_protocols_loss_suite_stage2,UBFC_A0_L2_HARMONIC_REPLACE,UBFC-PHYS,PRISM,window,1020,397,131,102,31,359
evaluation_protocols_loss_suite_stage2,UBFC_A0_L2_HARMONIC_REPLACE,UBFC-rPPG,Official,recording,9,9,0,0,0,0
evaluation_protocols_loss_suite_stage2,UBFC_A0_L2_HARMONIC_REPLACE,UBFC-rPPG,Old,window,497,473,0,0,5,19
evaluation_protocols_loss_suite_stage2,UBFC_A0_L2_HARMONIC_REPLACE,UBFC-rPPG,PRISM,window,52,51,0,0,0,1
evaluation_protocols_loss_suite_stage2,UBFC_A0_L3_CONCENTRATION,BH-rPPG,Official,recording,105,92,4,0,0,9
evaluation_protocols_loss_suite_stage2,UBFC_A0_L3_CONCENTRATION,BH-rPPG,Old,window,5321,2721,37,6,462,2095
evaluation_protocols_loss_suite_stage2,UBFC_A0_L3_CONCENTRATION,BH-rPPG,PRISM,window,523,328,8,0,16,171
evaluation_protocols_loss_suite_stage2,UBFC_A0_L3_CONCENTRATION,COHFACE,Official,recording,160,116,11,0,0,33
evaluation_protocols_loss_suite_stage2,UBFC_A0_L3_CONCENTRATION,COHFACE,Old,window,8242,2693,37,3,1244,4265
evaluation_protocols_loss_suite_stage2,UBFC_A0_L3_CONCENTRATION,COHFACE,PRISM,window,810,382,7,2,41,378
evaluation_protocols_loss_suite_stage2,UBFC_A0_L3_CONCENTRATION,PURE,Official,recording,59,43,5,3,3,5
evaluation_protocols_loss_suite_stage2,UBFC_A0_L3_CONCENTRATION,PURE,Old,window,3337,1852,17,0,214,1254
evaluation_protocols_loss_suite_stage2,UBFC_A0_L3_CONCENTRATION,PURE,PRISM,window,365,264,3,1,14,83
evaluation_protocols_loss_suite_stage2,UBFC_A0_L3_CONCENTRATION,TokyoTech,Official,recording,9,9,0,0,0,0
evaluation_protocols_loss_suite_stage2,UBFC_A0_L3_CONCENTRATION,TokyoTech,Old,window,1521,1160,3,0,74,284
evaluation_protocols_loss_suite_stage2,UBFC_A0_L3_CONCENTRATION,TokyoTech,PRISM,window,153,125,0,0,3,25
evaluation_protocols_loss_suite_stage2,UBFC_A0_L3_CONCENTRATION,UBFC-PHYS,Official,recording,60,32,7,0,0,21
evaluation_protocols_loss_suite_stage2,UBFC_A0_L3_CONCENTRATION,UBFC-PHYS,Old,window,9999,2420,610,357,2029,4583
evaluation_protocols_loss_suite_stage2,UBFC_A0_L3_CONCENTRATION,UBFC-PHYS,PRISM,window,1018,300,79,35,106,498
evaluation_protocols_loss_suite_stage2,UBFC_A0_L3_CONCENTRATION,UBFC-rPPG,Official,recording,9,8,0,0,0,1
evaluation_protocols_loss_suite_stage2,UBFC_A0_L3_CONCENTRATION,UBFC-rPPG,Old,window,475,365,0,0,49,61
evaluation_protocols_loss_suite_stage2,UBFC_A0_L3_CONCENTRATION,UBFC-rPPG,PRISM,window,52,41,0,0,6,5
evaluation_protocols_loss_suite_stage2,UBFC_A0_L4_CONCENTRATION_HARMONIC,BH-rPPG,Official,recording,105,66,16,3,0,20
evaluation_protocols_loss_suite_stage2,UBFC_A0_L4_CONCENTRATION_HARMONIC,BH-rPPG,Old,window,5307,880,7,0,1645,2775
evaluation_protocols_loss_suite_stage2,UBFC_A0_L4_CONCENTRATION_HARMONIC,BH-rPPG,PRISM,window,523,215,2,0,46,260
evaluation_protocols_loss_suite_stage2,UBFC_A0_L4_CONCENTRATION_HARMONIC,COHFACE,Official,recording,160,29,55,9,0,67
evaluation_protocols_loss_suite_stage2,UBFC_A0_L4_CONCENTRATION_HARMONIC,COHFACE,Old,window,8242,76,1,3,2956,5206
evaluation_protocols_loss_suite_stage2,UBFC_A0_L4_CONCENTRATION_HARMONIC,COHFACE,PRISM,window,810,147,0,1,125,537
evaluation_protocols_loss_suite_stage2,UBFC_A0_L4_CONCENTRATION_HARMONIC,PURE,Official,recording,59,34,7,10,1,7
evaluation_protocols_loss_suite_stage2,UBFC_A0_L4_CONCENTRATION_HARMONIC,PURE,Old,window,3270,1587,39,28,157,1459
evaluation_protocols_loss_suite_stage2,UBFC_A0_L4_CONCENTRATION_HARMONIC,PURE,PRISM,window,358,213,18,11,15,101
evaluation_protocols_loss_suite_stage2,UBFC_A0_L4_CONCENTRATION_HARMONIC,TokyoTech,Official,recording,9,6,0,0,0,3
evaluation_protocols_loss_suite_stage2,UBFC_A0_L4_CONCENTRATION_HARMONIC,TokyoTech,Old,window,1515,585,0,0,337,593
evaluation_protocols_loss_suite_stage2,UBFC_A0_L4_CONCENTRATION_HARMONIC,TokyoTech,PRISM,window,153,93,0,0,13,47
evaluation_protocols_loss_suite_stage2,UBFC_A0_L4_CONCENTRATION_HARMONIC,UBFC-PHYS,Official,recording,60,23,6,0,0,31
evaluation_protocols_loss_suite_stage2,UBFC_A0_L4_CONCENTRATION_HARMONIC,UBFC-PHYS,Old,window,9881,988,293,90,4444,4066
evaluation_protocols_loss_suite_stage2,UBFC_A0_L4_CONCENTRATION_HARMONIC,UBFC-PHYS,PRISM,window,1019,181,53,24,249,512
evaluation_protocols_loss_suite_stage2,UBFC_A0_L4_CONCENTRATION_HARMONIC,UBFC-rPPG,Official,recording,9,8,0,0,0,1
evaluation_protocols_loss_suite_stage2,UBFC_A0_L4_CONCENTRATION_HARMONIC,UBFC-rPPG,Old,window,424,273,0,0,72,79
evaluation_protocols_loss_suite_stage2,UBFC_A0_L4_CONCENTRATION_HARMONIC,UBFC-rPPG,PRISM,window,52,46,0,0,1,5
evaluation_protocols_loss_suite_stage2,UBFC_A0_L5_CE_CONCENTRATION,BH-rPPG,Official,recording,105,93,0,0,0,12
evaluation_protocols_loss_suite_stage2,UBFC_A0_L5_CE_CONCENTRATION,BH-rPPG,Old,window,5323,4197,99,7,43,977
evaluation_protocols_loss_suite_stage2,UBFC_A0_L5_CE_CONCENTRATION,BH-rPPG,PRISM,window,523,435,7,1,4,76
evaluation_protocols_loss_suite_stage2,UBFC_A0_L5_CE_CONCENTRATION,COHFACE,Official,recording,160,84,26,0,0,50
evaluation_protocols_loss_suite_stage2,UBFC_A0_L5_CE_CONCENTRATION,COHFACE,Old,window,8242,4021,672,127,149,3273
evaluation_protocols_loss_suite_stage2,UBFC_A0_L5_CE_CONCENTRATION,COHFACE,PRISM,window,810,452,89,2,4,263
evaluation_protocols_loss_suite_stage2,UBFC_A0_L5_CE_CONCENTRATION,PURE,Official,recording,59,50,3,1,4,1
evaluation_protocols_loss_suite_stage2,UBFC_A0_L5_CE_CONCENTRATION,PURE,Old,window,3532,3013,84,48,81,306
evaluation_protocols_loss_suite_stage2,UBFC_A0_L5_CE_CONCENTRATION,PURE,PRISM,window,373,319,11,10,11,22
evaluation_protocols_loss_suite_stage2,UBFC_A0_L5_CE_CONCENTRATION,TokyoTech,Official,recording,9,7,0,0,0,2
evaluation_protocols_loss_suite_stage2,UBFC_A0_L5_CE_CONCENTRATION,TokyoTech,Old,window,1521,1317,0,1,23,180
evaluation_protocols_loss_suite_stage2,UBFC_A0_L5_CE_CONCENTRATION,TokyoTech,PRISM,window,153,141,0,0,1,11
evaluation_protocols_loss_suite_stage2,UBFC_A0_L5_CE_CONCENTRATION,UBFC-PHYS,Official,recording,60,35,4,0,0,21
evaluation_protocols_loss_suite_stage2,UBFC_A0_L5_CE_CONCENTRATION,UBFC-PHYS,Old,window,10126,3491,1123,982,526,4004
evaluation_protocols_loss_suite_stage2,UBFC_A0_L5_CE_CONCENTRATION,UBFC-PHYS,PRISM,window,1020,383,122,66,37,412
evaluation_protocols_loss_suite_stage2,UBFC_A0_L5_CE_CONCENTRATION,UBFC-rPPG,Official,recording,9,9,0,0,0,0
evaluation_protocols_loss_suite_stage2,UBFC_A0_L5_CE_CONCENTRATION,UBFC-rPPG,Old,window,497,481,0,0,6,10
evaluation_protocols_loss_suite_stage2,UBFC_A0_L5_CE_CONCENTRATION,UBFC-rPPG,PRISM,window,52,51,0,0,0,1
evaluation_protocols_loss_suite_stage2,UBFC_A2_L2_HARMONIC_REPLACE,BH-rPPG,Official,recording,105,92,3,1,0,9
evaluation_protocols_loss_suite_stage2,UBFC_A2_L2_HARMONIC_REPLACE,BH-rPPG,Old,window,5323,3894,230,463,18,718
evaluation_protocols_loss_suite_stage2,UBFC_A2_L2_HARMONIC_REPLACE,BH-rPPG,PRISM,window,523,408,27,29,0,59
evaluation_protocols_loss_suite_stage2,UBFC_A2_L2_HARMONIC_REPLACE,COHFACE,Official,recording,160,133,7,0,1,19
evaluation_protocols_loss_suite_stage2,UBFC_A2_L2_HARMONIC_REPLACE,COHFACE,Old,window,8242,5290,258,104,287,2303
evaluation_protocols_loss_suite_stage2,UBFC_A2_L2_HARMONIC_REPLACE,COHFACE,PRISM,window,810,546,39,7,14,204
evaluation_protocols_loss_suite_stage2,UBFC_A2_L2_HARMONIC_REPLACE,PURE,Official,recording,59,48,2,7,0,2
evaluation_protocols_loss_suite_stage2,UBFC_A2_L2_HARMONIC_REPLACE,PURE,Old,window,3534,2858,63,240,31,342
evaluation_protocols_loss_suite_stage2,UBFC_A2_L2_HARMONIC_REPLACE,PURE,PRISM,window,371,292,11,37,4,27
evaluation_protocols_loss_suite_stage2,UBFC_A2_L2_HARMONIC_REPLACE,TokyoTech,Official,recording,9,9,0,0,0,0
evaluation_protocols_loss_suite_stage2,UBFC_A2_L2_HARMONIC_REPLACE,TokyoTech,Old,window,1521,1278,3,19,38,183
evaluation_protocols_loss_suite_stage2,UBFC_A2_L2_HARMONIC_REPLACE,TokyoTech,PRISM,window,153,135,0,1,2,15
evaluation_protocols_loss_suite_stage2,UBFC_A2_L2_HARMONIC_REPLACE,UBFC-PHYS,Official,recording,60,37,6,0,0,17
evaluation_protocols_loss_suite_stage2,UBFC_A2_L2_HARMONIC_REPLACE,UBFC-PHYS,Old,window,10102,3803,1133,1153,435,3578
evaluation_protocols_loss_suite_stage2,UBFC_A2_L2_HARMONIC_REPLACE,UBFC-PHYS,PRISM,window,1019,402,136,86,27,368
evaluation_protocols_loss_suite_stage2,UBFC_A2_L2_HARMONIC_REPLACE,UBFC-rPPG,Official,recording,9,9,0,0,0,0
evaluation_protocols_loss_suite_stage2,UBFC_A2_L2_HARMONIC_REPLACE,UBFC-rPPG,Old,window,497,485,0,0,2,10
evaluation_protocols_loss_suite_stage2,UBFC_A2_L2_HARMONIC_REPLACE,UBFC-rPPG,PRISM,window,52,52,0,0,0,0
evaluation_protocols_loss_suite_stage2,UBFC_A2_L3_CONCENTRATION,BH-rPPG,Official,recording,105,102,0,0,0,3
evaluation_protocols_loss_suite_stage2,UBFC_A2_L3_CONCENTRATION,BH-rPPG,Old,window,5323,3591,94,21,79,1538
evaluation_protocols_loss_suite_stage2,UBFC_A2_L3_CONCENTRATION,BH-rPPG,PRISM,window,523,394,13,1,1,114
evaluation_protocols_loss_suite_stage2,UBFC_A2_L3_CONCENTRATION,COHFACE,Official,recording,160,110,19,0,0,31
evaluation_protocols_loss_suite_stage2,UBFC_A2_L3_CONCENTRATION,COHFACE,Old,window,8242,4365,356,46,560,2915
evaluation_protocols_loss_suite_stage2,UBFC_A2_L3_CONCENTRATION,COHFACE,PRISM,window,810,472,68,3,10,257
evaluation_protocols_loss_suite_stage2,UBFC_A2_L3_CONCENTRATION,PURE,Official,recording,59,51,0,0,6,2
evaluation_protocols_loss_suite_stage2,UBFC_A2_L3_CONCENTRATION,PURE,Old,window,3473,2677,58,13,168,557
evaluation_protocols_loss_suite_stage2,UBFC_A2_L3_CONCENTRATION,PURE,PRISM,window,370,298,7,4,24,37
evaluation_protocols_loss_suite_stage2,UBFC_A2_L3_CONCENTRATION,TokyoTech,Official,recording,9,9,0,0,0,0
evaluation_protocols_loss_suite_stage2,UBFC_A2_L3_CONCENTRATION,TokyoTech,Old,window,1521,1267,0,0,51,203
evaluation_protocols_loss_suite_stage2,UBFC_A2_L3_CONCENTRATION,TokyoTech,PRISM,window,153,134,0,0,3,16
evaluation_protocols_loss_suite_stage2,UBFC_A2_L3_CONCENTRATION,UBFC-PHYS,Official,recording,60,36,6,0,0,18
evaluation_protocols_loss_suite_stage2,UBFC_A2_L3_CONCENTRATION,UBFC-PHYS,Old,window,10095,3609,1000,713,756,4017
evaluation_protocols_loss_suite_stage2,UBFC_A2_L3_CONCENTRATION,UBFC-PHYS,PRISM,window,1020,389,106,57,43,425
evaluation_protocols_loss_suite_stage2,UBFC_A2_L3_CONCENTRATION,UBFC-rPPG,Official,recording,9,9,0,0,0,0
evaluation_protocols_loss_suite_stage2,UBFC_A2_L3_CONCENTRATION,UBFC-rPPG,Old,window,497,467,0,0,6,24
evaluation_protocols_loss_suite_stage2,UBFC_A2_L3_CONCENTRATION,UBFC-rPPG,PRISM,window,52,49,0,0,0,3
evaluation_protocols_loss_suite_stage2,UBFC_A2_L4_CONCENTRATION_HARMONIC,BH-rPPG,Official,recording,105,97,4,0,0,4
evaluation_protocols_loss_suite_stage2,UBFC_A2_L4_CONCENTRATION_HARMONIC,BH-rPPG,Old,window,5323,3896,242,102,31,1052
evaluation_protocols_loss_suite_stage2,UBFC_A2_L4_CONCENTRATION_HARMONIC,BH-rPPG,PRISM,window,523,416,28,1,0,78
evaluation_protocols_loss_suite_stage2,UBFC_A2_L4_CONCENTRATION_HARMONIC,COHFACE,Official,recording,160,124,3,0,0,33
evaluation_protocols_loss_suite_stage2,UBFC_A2_L4_CONCENTRATION_HARMONIC,COHFACE,Old,window,8242,4682,137,10,508,2905
evaluation_protocols_loss_suite_stage2,UBFC_A2_L4_CONCENTRATION_HARMONIC,COHFACE,PRISM,window,810,516,12,1,16,265
evaluation_protocols_loss_suite_stage2,UBFC_A2_L4_CONCENTRATION_HARMONIC,PURE,Official,recording,59,50,2,0,3,4
evaluation_protocols_loss_suite_stage2,UBFC_A2_L4_CONCENTRATION_HARMONIC,PURE,Old,window,3490,2584,95,54,105,652
evaluation_protocols_loss_suite_stage2,UBFC_A2_L4_CONCENTRATION_HARMONIC,PURE,PRISM,window,372,281,10,18,15,48
evaluation_protocols_loss_suite_stage2,UBFC_A2_L4_CONCENTRATION_HARMONIC,TokyoTech,Official,recording,9,9,0,0,0,0
evaluation_protocols_loss_suite_stage2,UBFC_A2_L4_CONCENTRATION_HARMONIC,TokyoTech,Old,window,1521,1335,0,0,11,175
evaluation_protocols_loss_suite_stage2,UBFC_A2_L4_CONCENTRATION_HARMONIC,TokyoTech,PRISM,window,153,142,0,0,0,11
evaluation_protocols_loss_suite_stage2,UBFC_A2_L4_CONCENTRATION_HARMONIC,UBFC-PHYS,Official,recording,60,32,6,0,0,22
evaluation_protocols_loss_suite_stage2,UBFC_A2_L4_CONCENTRATION_HARMONIC,UBFC-PHYS,Old,window,10099,3622,1088,894,618,3877
evaluation_protocols_loss_suite_stage2,UBFC_A2_L4_CONCENTRATION_HARMONIC,UBFC-PHYS,PRISM,window,1019,393,127,67,38,394
evaluation_protocols_loss_suite_stage2,UBFC_A2_L4_CONCENTRATION_HARMONIC,UBFC-rPPG,Official,recording,9,9,0,0,0,0
evaluation_protocols_loss_suite_stage2,UBFC_A2_L4_CONCENTRATION_HARMONIC,UBFC-rPPG,Old,window,497,469,0,0,6,22
evaluation_protocols_loss_suite_stage2,UBFC_A2_L4_CONCENTRATION_HARMONIC,UBFC-rPPG,PRISM,window,52,51,0,0,0,1
evaluation_protocols_loss_suite_stage2,UBFC_A2_L5_CE_CONCENTRATION,BH-rPPG,Official,recording,105,97,1,0,0,7
evaluation_protocols_loss_suite_stage2,UBFC_A2_L5_CE_CONCENTRATION,BH-rPPG,Old,window,5323,4084,69,16,44,1110
evaluation_protocols_loss_suite_stage2,UBFC_A2_L5_CE_CONCENTRATION,BH-rPPG,PRISM,window,523,424,6,0,3,90
evaluation_protocols_loss_suite_stage2,UBFC_A2_L5_CE_CONCENTRATION,COHFACE,Official,recording,160,132,8,0,0,20
evaluation_protocols_loss_suite_stage2,UBFC_A2_L5_CE_CONCENTRATION,COHFACE,Old,window,8242,5152,277,52,303,2458
evaluation_protocols_loss_suite_stage2,UBFC_A2_L5_CE_CONCENTRATION,COHFACE,PRISM,window,810,554,39,6,10,201
evaluation_protocols_loss_suite_stage2,UBFC_A2_L5_CE_CONCENTRATION,PURE,Official,recording,59,55,0,0,3,1
evaluation_protocols_loss_suite_stage2,UBFC_A2_L5_CE_CONCENTRATION,PURE,Old,window,3496,3060,44,13,74,305
evaluation_protocols_loss_suite_stage2,UBFC_A2_L5_CE_CONCENTRATION,PURE,PRISM,window,372,330,6,2,14,20
evaluation_protocols_loss_suite_stage2,UBFC_A2_L5_CE_CONCENTRATION,TokyoTech,Official,recording,9,9,0,0,0,0
evaluation_protocols_loss_suite_stage2,UBFC_A2_L5_CE_CONCENTRATION,TokyoTech,Old,window,1521,1362,1,0,10,148
evaluation_protocols_loss_suite_stage2,UBFC_A2_L5_CE_CONCENTRATION,TokyoTech,PRISM,window,153,142,0,0,1,10
evaluation_protocols_loss_suite_stage2,UBFC_A2_L5_CE_CONCENTRATION,UBFC-PHYS,Official,recording,60,35,5,0,0,20
evaluation_protocols_loss_suite_stage2,UBFC_A2_L5_CE_CONCENTRATION,UBFC-PHYS,Old,window,10102,3655,1027,826,672,3922
evaluation_protocols_loss_suite_stage2,UBFC_A2_L5_CE_CONCENTRATION,UBFC-PHYS,PRISM,window,1020,391,120,64,44,401
evaluation_protocols_loss_suite_stage2,UBFC_A2_L5_CE_CONCENTRATION,UBFC-rPPG,Official,recording,9,9,0,0,0,0
evaluation_protocols_loss_suite_stage2,UBFC_A2_L5_CE_CONCENTRATION,UBFC-rPPG,Old,window,497,477,0,0,5,15
evaluation_protocols_loss_suite_stage2,UBFC_A2_L5_CE_CONCENTRATION,UBFC-rPPG,PRISM,window,52,51,0,0,0,1
evaluation_protocols_official,Released PURE cross,BH-rPPG,Official,recording,105,97,1,1,0,6
evaluation_protocols_official,Released PURE cross,BH-rPPG,Old,window,5323,3954,328,183,25,833
evaluation_protocols_official,Released PURE cross,BH-rPPG,PRISM,window,523,416,25,9,1,72
evaluation_protocols_official,Released PURE cross,COHFACE,Official,recording,160,109,10,1,0,40
evaluation_protocols_official,Released PURE cross,COHFACE,Old,window,8242,3126,836,312,386,3582
evaluation_protocols_official,Released PURE cross,COHFACE,PRISM,window,810,354,84,25,20,327
evaluation_protocols_official,Released PURE cross,PURE,Official,recording,24,24,0,0,0,0
evaluation_protocols_official,Released PURE cross,PURE,Old,window,1464,1447,0,1,0,16
evaluation_protocols_official,Released PURE cross,PURE,PRISM,window,153,150,0,0,0,3
evaluation_protocols_official,Released PURE cross,TokyoTech,Official,recording,9,9,0,0,0,0
evaluation_protocols_official,Released PURE cross,TokyoTech,Old,window,1521,1289,5,5,11,211
evaluation_protocols_official,Released PURE cross,TokyoTech,PRISM,window,153,131,0,0,1,21
evaluation_protocols_official,Released PURE cross,UBFC-PHYS,Official,recording,60,36,8,2,0,14
evaluation_protocols_official,Released PURE cross,UBFC-PHYS,Old,window,10126,4172,1242,1825,107,2780
evaluation_protocols_official,Released PURE cross,UBFC-PHYS,PRISM,window,1020,463,145,149,13,250
evaluation_protocols_official,Released PURE cross,UBFC-rPPG,Official,recording,42,40,0,0,0,2
evaluation_protocols_official,Released PURE cross,UBFC-rPPG,Old,window,2280,2222,1,0,1,56
evaluation_protocols_official,Released PURE cross,UBFC-rPPG,PRISM,window,239,231,0,0,0,8
evaluation_protocols_official,Released UBFC cross,BH-rPPG,Official,recording,105,98,1,0,0,6
evaluation_protocols_official,Released UBFC cross,BH-rPPG,Old,window,5323,4364,155,134,32,638
evaluation_protocols_official,Released UBFC cross,BH-rPPG,PRISM,window,523,447,17,3,2,54
evaluation_protocols_official,Released UBFC cross,COHFACE,Official,recording,160,132,10,0,0,18
evaluation_protocols_official,Released UBFC cross,COHFACE,Old,window,8242,5276,343,57,284,2282
evaluation_protocols_official,Released UBFC cross,COHFACE,PRISM,window,810,561,52,3,9,185
evaluation_protocols_official,Released UBFC cross,PURE,Official,recording,59,54,1,1,0,3
evaluation_protocols_official,Released UBFC cross,PURE,Old,window,3557,3159,65,95,17,221
evaluation_protocols_official,Released UBFC cross,PURE,PRISM,window,374,329,7,17,3,18
evaluation_protocols_official,Released UBFC cross,TokyoTech,Official,recording,9,9,0,0,0,0
evaluation_protocols_official,Released UBFC cross,TokyoTech,Old,window,1521,1253,1,9,52,206
evaluation_protocols_official,Released UBFC cross,TokyoTech,PRISM,window,153,132,0,0,5,16
evaluation_protocols_official,Released UBFC cross,UBFC-PHYS,Official,recording,60,39,6,1,0,14
evaluation_protocols_official,Released UBFC cross,UBFC-PHYS,Old,window,10124,3942,1337,1642,211,2992
evaluation_protocols_official,Released UBFC cross,UBFC-PHYS,PRISM,window,1020,434,150,133,13,290
evaluation_protocols_official,Released UBFC cross,UBFC-rPPG,Official,recording,12,12,0,0,0,0
evaluation_protocols_official,Released UBFC cross,UBFC-rPPG,Old,window,668,658,0,0,0,10
evaluation_protocols_official,Released UBFC cross,UBFC-rPPG,PRISM,window,70,70,0,0,0,0
evaluation_protocols_ubfc_seed_stability,Our UBFC cross-matched (seed 100),BH-rPPG,Official,recording,105,94,4,1,0,6
evaluation_protocols_ubfc_seed_stability,Our UBFC cross-matched (seed 100),BH-rPPG,Old,window,5323,3923,194,251,59,896
evaluation_protocols_ubfc_seed_stability,Our UBFC cross-matched (seed 100),BH-rPPG,PRISM,window,523,407,19,13,1,83
evaluation_protocols_ubfc_seed_stability,Our UBFC cross-matched (seed 100),COHFACE,Official,recording,160,86,29,0,3,42
evaluation_protocols_ubfc_seed_stability,Our UBFC cross-matched (seed 100),COHFACE,Old,window,8242,2888,574,261,800,3719
evaluation_protocols_ubfc_seed_stability,Our UBFC cross-matched (seed 100),COHFACE,PRISM,window,810,369,107,12,24,298
evaluation_protocols_ubfc_seed_stability,Our UBFC cross-matched (seed 100),PURE,Official,recording,59,57,0,0,0,2
evaluation_protocols_ubfc_seed_stability,Our UBFC cross-matched (seed 100),PURE,Old,window,3544,3280,27,17,26,194
evaluation_protocols_ubfc_seed_stability,Our UBFC cross-matched (seed 100),PURE,PRISM,window,371,346,2,2,3,18
evaluation_protocols_ubfc_seed_stability,Our UBFC cross-matched (seed 100),TokyoTech,Official,recording,9,9,0,0,0,0
evaluation_protocols_ubfc_seed_stability,Our UBFC cross-matched (seed 100),TokyoTech,Old,window,1520,1190,2,27,52,249
evaluation_protocols_ubfc_seed_stability,Our UBFC cross-matched (seed 100),TokyoTech,PRISM,window,153,125,0,0,4,24
evaluation_protocols_ubfc_seed_stability,Our UBFC cross-matched (seed 100),UBFC-PHYS,Official,recording,60,36,6,0,1,17
evaluation_protocols_ubfc_seed_stability,Our UBFC cross-matched (seed 100),UBFC-PHYS,Old,window,10110,3759,1296,1345,424,3286
evaluation_protocols_ubfc_seed_stability,Our UBFC cross-matched (seed 100),UBFC-PHYS,PRISM,window,1020,421,130,106,24,339
evaluation_protocols_ubfc_seed_stability,Our UBFC cross-matched (seed 100),UBFC-rPPG,Official,recording,9,9,0,0,0,0
evaluation_protocols_ubfc_seed_stability,Our UBFC cross-matched (seed 100),UBFC-rPPG,Old,window,497,488,0,0,0,9
evaluation_protocols_ubfc_seed_stability,Our UBFC cross-matched (seed 100),UBFC-rPPG,PRISM,window,52,52,0,0,0,0
evaluation_protocols_ubfc_seed_stability,Our UBFC cross-matched (seed 101),BH-rPPG,Official,recording,105,95,1,1,0,8
evaluation_protocols_ubfc_seed_stability,Our UBFC cross-matched (seed 101),BH-rPPG,Old,window,5323,3988,186,385,38,726
evaluation_protocols_ubfc_seed_stability,Our UBFC cross-matched (seed 101),BH-rPPG,PRISM,window,523,419,17,21,1,65
evaluation_protocols_ubfc_seed_stability,Our UBFC cross-matched (seed 101),COHFACE,Official,recording,160,110,14,0,2,34
evaluation_protocols_ubfc_seed_stability,Our UBFC cross-matched (seed 101),COHFACE,Old,window,8242,3959,510,395,415,2963
evaluation_protocols_ubfc_seed_stability,Our UBFC cross-matched (seed 101),COHFACE,PRISM,window,810,462,57,35,17,239
evaluation_protocols_ubfc_seed_stability,Our UBFC cross-matched (seed 101),PURE,Official,recording,59,54,0,2,0,3
evaluation_protocols_ubfc_seed_stability,Our UBFC cross-matched (seed 101),PURE,Old,window,3556,3297,23,62,11,163
evaluation_protocols_ubfc_seed_stability,Our UBFC cross-matched (seed 101),PURE,PRISM,window,372,338,2,12,1,19
evaluation_protocols_ubfc_seed_stability,Our UBFC cross-matched (seed 101),TokyoTech,Official,recording,9,8,0,0,0,1
evaluation_protocols_ubfc_seed_stability,Our UBFC cross-matched (seed 101),TokyoTech,Old,window,1521,1337,0,2,14,168
evaluation_protocols_ubfc_seed_stability,Our UBFC cross-matched (seed 101),TokyoTech,PRISM,window,153,142,0,0,0,11
evaluation_protocols_ubfc_seed_stability,Our UBFC cross-matched (seed 101),UBFC-PHYS,Official,recording,60,36,8,1,0,15
evaluation_protocols_ubfc_seed_stability,Our UBFC cross-matched (seed 101),UBFC-PHYS,Old,window,10114,3896,1291,1586,249,3092
evaluation_protocols_ubfc_seed_stability,Our UBFC cross-matched (seed 101),UBFC-PHYS,PRISM,window,1019,420,129,124,21,325
evaluation_protocols_ubfc_seed_stability,Our UBFC cross-matched (seed 101),UBFC-rPPG,Official,recording,9,9,0,0,0,0
evaluation_protocols_ubfc_seed_stability,Our UBFC cross-matched (seed 101),UBFC-rPPG,Old,window,497,492,0,0,0,5
evaluation_protocols_ubfc_seed_stability,Our UBFC cross-matched (seed 101),UBFC-rPPG,PRISM,window,52,52,0,0,0,0
evaluation_protocols_ubfc_seed_stability,Our UBFC cross-matched (seed 102),BH-rPPG,Official,recording,105,90,5,0,0,10
evaluation_protocols_ubfc_seed_stability,Our UBFC cross-matched (seed 102),BH-rPPG,Old,window,5323,3831,282,363,32,815
evaluation_protocols_ubfc_seed_stability,Our UBFC cross-matched (seed 102),BH-rPPG,PRISM,window,523,402,31,18,1,71
evaluation_protocols_ubfc_seed_stability,Our UBFC cross-matched (seed 102),COHFACE,Official,recording,160,127,14,0,3,16
evaluation_protocols_ubfc_seed_stability,Our UBFC cross-matched (seed 102),COHFACE,Old,window,8242,4847,300,101,384,2610
evaluation_protocols_ubfc_seed_stability,Our UBFC cross-matched (seed 102),COHFACE,PRISM,window,810,541,35,11,23,200
evaluation_protocols_ubfc_seed_stability,Our UBFC cross-matched (seed 102),PURE,Official,recording,59,57,1,0,0,1
evaluation_protocols_ubfc_seed_stability,Our UBFC cross-matched (seed 102),PURE,Old,window,3552,3311,39,55,17,130
evaluation_protocols_ubfc_seed_stability,Our UBFC cross-matched (seed 102),PURE,PRISM,window,373,344,3,9,2,15
evaluation_protocols_ubfc_seed_stability,Our UBFC cross-matched (seed 102),TokyoTech,Official,recording,9,9,0,0,0,0
evaluation_protocols_ubfc_seed_stability,Our UBFC cross-matched (seed 102),TokyoTech,Old,window,1521,1314,0,3,37,167
evaluation_protocols_ubfc_seed_stability,Our UBFC cross-matched (seed 102),TokyoTech,PRISM,window,153,139,0,0,3,11
evaluation_protocols_ubfc_seed_stability,Our UBFC cross-matched (seed 102),UBFC-PHYS,Official,recording,60,38,8,1,0,13
evaluation_protocols_ubfc_seed_stability,Our UBFC cross-matched (seed 102),UBFC-PHYS,Old,window,10106,3887,1232,1435,350,3202
evaluation_protocols_ubfc_seed_stability,Our UBFC cross-matched (seed 102),UBFC-PHYS,PRISM,window,1020,432,130,122,20,316
evaluation_protocols_ubfc_seed_stability,Our UBFC cross-matched (seed 102),UBFC-rPPG,Official,recording,9,9,0,0,0,0
evaluation_protocols_ubfc_seed_stability,Our UBFC cross-matched (seed 102),UBFC-rPPG,Old,window,497,487,0,0,4,6
evaluation_protocols_ubfc_seed_stability,Our UBFC cross-matched (seed 102),UBFC-rPPG,PRISM,window,52,52,0,0,0,0
